{"Mean":{"confidence_interval":{"confidence_level":0.95,"lower_bound":-0.2645531799655669,"upper_bound":-0.2562177113067846},"point_estimate":-0.25996943981082976,"standard_error":0.0021448184558193633},"Median":{"confidence_interval":{"confidence_level":0.95,"lower_bound":-0.25523922656389797,"upper_bound":-0.25378232952889657},"point_estimate":-0.25411765011485743,"standard_error":0.00040210389554729085}}