{"Mean":{"confidence_interval":{"confidence_level":0.95,"lower_bound":4047.852714648978,"upper_bound":4206.642789004142},"point_estimate":4121.884706032215,"standard_error":40.64825886902431},"Median":{"confidence_interval":{"confidence_level":0.95,"lower_bound":3910.246464105653,"upper_bound":4121.160959991804},"point_estimate":3990.8355209303636,"standard_error":59.987591002777144},"MedianAbsDev":{"confidence_interval":{"confidence_level":0.95,"lower_bound":193.21674000332732,"upper_bound":399.10629265676545},"point_estimate":296.5886839702096,"standard_error":52.89738154870365},"Slope":{"confidence_interval":{"confidence_level":0.95,"lower_bound":4053.5986404111877,"upper_bound":4214.066330169457},"point_estimate":4131.52554460351,"standard_error":41.14852079363079},"StdDev":{"confidence_interval":{"confidence_level":0.95,"lower_bound":278.68483145115636,"upper_bound":554.1149299406967},"point_estimate":409.5321563209538,"standard_error":74.99614372392647}}