{"Mean":{"confidence_interval":{"confidence_level":0.95,"lower_bound":4164.503306993843,"upper_bound":4354.562842774635},"point_estimate":4254.569278539488,"standard_error":48.596347385857094},"Median":{"confidence_interval":{"confidence_level":0.95,"lower_bound":4030.769705603039,"upper_bound":4204.178477975016},"point_estimate":4090.551209619006,"standard_error":40.22903315383728},"MedianAbsDev":{"confidence_interval":{"confidence_level":0.95,"lower_bound":218.02294656574767,"upper_bound":398.0807201143174},"point_estimate":300.9010698339479,"standard_error":44.355534751315105},"Slope":{"confidence_interval":{"confidence_level":0.95,"lower_bound":4171.330289195112,"upper_bound":4340.555094526546},"point_estimate":4252.852538841715,"standard_error":43.212867335080205},"StdDev":{"confidence_interval":{"confidence_level":0.95,"lower_bound":342.34945660512625,"upper_bound":620.0859224869341},"point_estimate":487.9285941273905,"standard_error":71.19097063140342}}