{"Mean":{"confidence_interval":{"confidence_level":0.95,"lower_bound":44.25499392133939,"upper_bound":44.479944343933454},"point_estimate":44.35988038473409,"standard_error":0.05726944192461508},"Median":{"confidence_interval":{"confidence_level":0.95,"lower_bound":44.03843489683001,"upper_bound":44.388173971004015},"point_estimate":44.22288786199272,"standard_error":0.0920129056318789},"MedianAbsDev":{"confidence_interval":{"confidence_level":0.95,"lower_bound":0.22232447536179004,"upper_bound":0.5692271428080438},"point_estimate":0.4382535641651822,"standard_error":0.087145070599459},"Slope":{"confidence_interval":{"confidence_level":0.95,"lower_bound":44.217432326874544,"upper_bound":44.395847981584495},"point_estimate":44.30334990509716,"standard_error":0.04560799064707777},"StdDev":{"confidence_interval":{"confidence_level":0.95,"lower_bound":0.38318117101745597,"upper_bound":0.7486521742686157},"point_estimate":0.5739024429291268,"standard_error":0.09397537693509814}}