{"Mean":{"confidence_interval":{"confidence_level":0.95,"lower_bound":13.421386048003953,"upper_bound":13.492963650110703},"point_estimate":13.449401976090092,"standard_error":0.019111154263827524},"Median":{"confidence_interval":{"confidence_level":0.95,"lower_bound":13.414585082600972,"upper_bound":13.420641958709698},"point_estimate":13.417586446744547,"standard_error":0.0016695520279864649},"MedianAbsDev":{"confidence_interval":{"confidence_level":0.95,"lower_bound":0.009443217195833534,"upper_bound":0.017453957853797806},"point_estimate":0.012694586794822188,"standard_error":0.00199574801850253},"Slope":{"confidence_interval":{"confidence_level":0.95,"lower_bound":13.421903226611525,"upper_bound":13.446651815277932},"point_estimate":13.431953034968256,"standard_error":0.006409962135995309},"StdDev":{"confidence_interval":{"confidence_level":0.95,"lower_bound":0.020002514814606184,"upper_bound":0.316120350925451},"point_estimate":0.192039859487526,"standard_error":0.08530688958109084}}