{"Mean":{"confidence_interval":{"confidence_level":0.95,"lower_bound":25.092570939629,"upper_bound":25.19056895482249},"point_estimate":25.14018427713591,"standard_error":0.025028305935054465},"Median":{"confidence_interval":{"confidence_level":0.95,"lower_bound":25.047426239490846,"upper_bound":25.158224946090115},"point_estimate":25.095850254146605,"standard_error":0.02646092229450173},"MedianAbsDev":{"confidence_interval":{"confidence_level":0.95,"lower_bound":0.17734035888311722,"upper_bound":0.28796373752925086},"point_estimate":0.23303012746494375,"standard_error":0.028742171789420706},"Slope":{"confidence_interval":{"confidence_level":0.95,"lower_bound":25.123405918796095,"upper_bound":25.2377948811494},"point_estimate":25.178268513846184,"standard_error":0.029211769468561827},"StdDev":{"confidence_interval":{"confidence_level":0.95,"lower_bound":0.20623586857022289,"upper_bound":0.2948447648854281},"point_estimate":0.25145731741070326,"standard_error":0.02268938867444393}}