{"Mean":{"confidence_interval":{"confidence_level":0.95,"lower_bound":2899.709405109585,"upper_bound":2981.4997627581574},"point_estimate":2938.5917542611096,"standard_error":20.833125275791016},"Median":{"confidence_interval":{"confidence_level":0.95,"lower_bound":2849.1218567965557,"upper_bound":2962.016929016929},"point_estimate":2908.6204493967653,"standard_error":31.664128827860498},"MedianAbsDev":{"confidence_interval":{"confidence_level":0.95,"lower_bound":148.8209521793285,"upper_bound":237.06300503234954},"point_estimate":179.54075531952628,"standard_error":23.939508516339327},"Slope":{"confidence_interval":{"confidence_level":0.95,"lower_bound":2908.323223302591,"upper_bound":2976.7068499603483},"point_estimate":2941.9764278331827,"standard_error":17.463457000029717},"StdDev":{"confidence_interval":{"confidence_level":0.95,"lower_bound":157.72016619414686,"upper_bound":261.5549096538783},"point_estimate":209.75665792346078,"standard_error":26.9136991090059}}