{"Mean":{"confidence_interval":{"confidence_level":0.95,"lower_bound":3686.948836423234,"upper_bound":3705.0127699323953},"point_estimate":3695.512227455203,"standard_error":4.59596773471036},"Median":{"confidence_interval":{"confidence_level":0.95,"lower_bound":3681.6136016591836,"upper_bound":3698.1787615249814},"point_estimate":3686.3313343657674,"standard_error":4.559114036593291},"MedianAbsDev":{"confidence_interval":{"confidence_level":0.95,"lower_bound":23.733339029457476,"upper_bound":41.49097221337696},"point_estimate":31.774234128820865,"standard_error":4.615312393983614},"Slope":{"confidence_interval":{"confidence_level":0.95,"lower_bound":3691.254852400691,"upper_bound":3704.4437972828723},"point_estimate":3697.6826533590806,"standard_error":3.373846651375396},"StdDev":{"confidence_interval":{"confidence_level":0.95,"lower_bound":32.9135916666469,"upper_bound":61.16488349583693},"point_estimate":46.30027219813787,"standard_error":7.575438829350565}}