{"Mean":{"confidence_interval":{"confidence_level":0.95,"lower_bound":-0.25796398250018754,"upper_bound":-0.25392881682218443},"point_estimate":-0.2555424880356614,"standard_error":0.001065456363209645},"Median":{"confidence_interval":{"confidence_level":0.95,"lower_bound":-0.25429064575882976,"upper_bound":-0.2538904063991012},"point_estimate":-0.25409676926342795,"standard_error":0.00010720578957656165}}