{"Mean":{"confidence_interval":{"confidence_level":0.95,"lower_bound":0.01953314917793887,"upper_bound":0.0778553321473505},"point_estimate":0.04950167830200347,"standard_error":0.01493942792978259},"Median":{"confidence_interval":{"confidence_level":0.95,"lower_bound":0.03908855312940407,"upper_bound":0.08749795624284706},"point_estimate":0.06325460632591517,"standard_error":0.012432775933213442}}