{"Mean":{"confidence_interval":{"confidence_level":0.95,"lower_bound":0.007444655882151416,"upper_bound":0.019219313386743393},"point_estimate":0.01349835550251366,"standard_error":0.0029904707100144633},"Median":{"confidence_interval":{"confidence_level":0.95,"lower_bound":0.018407880668511067,"upper_bound":0.02003082599819317},"point_estimate":0.019129875819244413,"standard_error":0.00041710545574506536}}