{"Mean":{"confidence_interval":{"confidence_level":0.95,"lower_bound":0.0033239105574076003,"upper_bound":0.06433881600192455},"point_estimate":0.03219026779499523,"standard_error":0.015527296394942412},"Median":{"confidence_interval":{"confidence_level":0.95,"lower_bound":-0.011117198977820375,"upper_bound":0.059874103731751616},"point_estimate":0.024986168476669235,"standard_error":0.01836042799991377}}