{"Mean":{"confidence_interval":{"confidence_level":0.95,"lower_bound":10.010245281087737,"upper_bound":10.074869229439912},"point_estimate":10.035102847526208,"standard_error":0.01742715133485402},"Median":{"confidence_interval":{"confidence_level":0.95,"lower_bound":10.007597778924053,"upper_bound":10.0091575554679},"point_estimate":10.008243738788535,"standard_error":0.00035238553968532115},"MedianAbsDev":{"confidence_interval":{"confidence_level":0.95,"lower_bound":0.0025342554174644168,"upper_bound":0.005593282936256655},"point_estimate":0.003417856540346388,"standard_error":0.0007692453688451227},"Slope":{"confidence_interval":{"confidence_level":0.95,"lower_bound":10.006454098067382,"upper_bound":10.016559262732669},"point_estimate":10.010526173556944,"standard_error":0.002610418411886265},"StdDev":{"confidence_interval":{"confidence_level":0.95,"lower_bound":0.03562088494297496,"upper_bound":0.2913282581178725},"point_estimate":0.17485194424979952,"standard_error":0.0823400495351566}}