{"Mean":{"confidence_interval":{"confidence_level":0.95,"lower_bound":13.684355929552682,"upper_bound":13.830083393475352},"point_estimate":13.752211070216044,"standard_error":0.03736331509265303},"Median":{"confidence_interval":{"confidence_level":0.95,"lower_bound":13.601652085710663,"upper_bound":13.719170973828863},"point_estimate":13.644785434601388,"standard_error":0.029131712970921816},"MedianAbsDev":{"confidence_interval":{"confidence_level":0.95,"lower_bound":0.13790621286503493,"upper_bound":0.22963861379505932},"point_estimate":0.1792334094725669,"standard_error":0.02363087171143292},"Slope":{"confidence_interval":{"confidence_level":0.95,"lower_bound":13.73646408548928,"upper_bound":13.893286268673945},"point_estimate":13.81124406292,"standard_error":0.04014048470143925},"StdDev":{"confidence_interval":{"confidence_level":0.95,"lower_bound":0.2351438368477105,"upper_bound":0.4908306129039854},"point_estimate":0.3758044095673262,"standard_error":0.065191547297518}}