{"Mean":{"confidence_interval":{"confidence_level":0.95,"lower_bound":25.007514139371995,"upper_bound":25.160767269058336},"point_estimate":25.079223943061585,"standard_error":0.03936134308633695},"Median":{"confidence_interval":{"confidence_level":0.95,"lower_bound":24.934209635402745,"upper_bound":25.04832568998474},"point_estimate":24.98105290986912,"standard_error":0.02717821831017611},"MedianAbsDev":{"confidence_interval":{"confidence_level":0.95,"lower_bound":0.15342318097177343,"upper_bound":0.23723498546255364},"point_estimate":0.1908643199378873,"standard_error":0.021456945037723458},"Slope":{"confidence_interval":{"confidence_level":0.95,"lower_bound":24.98681969909142,"upper_bound":25.08542822967611},"point_estimate":25.033053966356007,"standard_error":0.025204494627681907},"StdDev":{"confidence_interval":{"confidence_level":0.95,"lower_bound":0.25944333670095343,"upper_bound":0.5156104429032504},"point_estimate":0.3952979984094102,"standard_error":0.06570290680278269}}