{"Mean":{"confidence_interval":{"confidence_level":0.95,"lower_bound":13.465861085700418,"upper_bound":13.515338559241751},"point_estimate":13.488934018061578,"standard_error":0.012693445877421774},"Median":{"confidence_interval":{"confidence_level":0.95,"lower_bound":13.441638803272975,"upper_bound":13.460155554244055},"point_estimate":13.451905112712305,"standard_error":0.004700184053237587},"MedianAbsDev":{"confidence_interval":{"confidence_level":0.95,"lower_bound":0.034209251607900906,"upper_bound":0.05941864850611176},"point_estimate":0.04952766715329312,"standard_error":0.006006997050529865},"Slope":{"confidence_interval":{"confidence_level":0.95,"lower_bound":13.47302639195399,"upper_bound":13.529422011268158},"point_estimate":13.498417377335105,"standard_error":0.014514311057317136},"StdDev":{"confidence_interval":{"confidence_level":0.95,"lower_bound":0.08196596697173224,"upper_bound":0.16376935396760936},"point_estimate":0.12756367363466506,"standard_error":0.02087652255835312}}