{"Mean":{"confidence_interval":{"confidence_level":0.95,"lower_bound":25.26884483016494,"upper_bound":25.43331180192016},"point_estimate":25.347608646872118,"standard_error":0.04210679307213136},"Median":{"confidence_interval":{"confidence_level":0.95,"lower_bound":25.234122847913056,"upper_bound":25.302397112308242},"point_estimate":25.2576557295797,"standard_error":0.019171860162766202},"MedianAbsDev":{"confidence_interval":{"confidence_level":0.95,"lower_bound":0.17713456976994724,"upper_bound":0.3245233582458982},"point_estimate":0.244377185728844,"standard_error":0.035801639676897694},"Slope":{"confidence_interval":{"confidence_level":0.95,"lower_bound":25.29249773550768,"upper_bound":25.480350258329082},"point_estimate":25.377200540144027,"standard_error":0.04815535340929179},"StdDev":{"confidence_interval":{"confidence_level":0.95,"lower_bound":0.31293178917917375,"upper_bound":0.518580682404264},"point_estimate":0.42165101322188825,"standard_error":0.052623378860129404}}