{"Mean":{"confidence_interval":{"confidence_level":0.95,"lower_bound":13.58601822653416,"upper_bound":13.610497034010827},"point_estimate":13.597769812025899,"standard_error":0.006255424618763861},"Median":{"confidence_interval":{"confidence_level":0.95,"lower_bound":13.568670552083846,"upper_bound":13.595137862141419},"point_estimate":13.579656750773829,"standard_error":0.006362377940466341},"MedianAbsDev":{"confidence_interval":{"confidence_level":0.95,"lower_bound":0.02907675657135612,"upper_bound":0.05612382353111098},"point_estimate":0.04117390978748433,"standard_error":0.006990959603427213},"Slope":{"confidence_interval":{"confidence_level":0.95,"lower_bound":13.60188992138121,"upper_bound":13.633347565606089},"point_estimate":13.616617223073115,"standard_error":0.008043736751763658},"StdDev":{"confidence_interval":{"confidence_level":0.95,"lower_bound":0.04865033871151879,"upper_bound":0.07558482368574478},"point_estimate":0.06281028363917408,"standard_error":0.006887406145167211}}