{"Mean":{"confidence_interval":{"confidence_level":0.95,"lower_bound":13.213399149837185,"upper_bound":13.236716195120508},"point_estimate":13.222880823226472,"standard_error":0.0061123767540601955},"Median":{"confidence_interval":{"confidence_level":0.95,"lower_bound":13.208811589730756,"upper_bound":13.210758916513957},"point_estimate":13.209368136421773,"standard_error":0.0006339265696010082},"MedianAbsDev":{"confidence_interval":{"confidence_level":0.95,"lower_bound":0.004777962695856289,"upper_bound":0.008167389671335575},"point_estimate":0.0065528375202915465,"standard_error":0.0007908399264426167},"Slope":{"confidence_interval":{"confidence_level":0.95,"lower_bound":13.214383646194579,"upper_bound":13.274391757766443},"point_estimate":13.238263493766881,"standard_error":0.016023056014373545},"StdDev":{"confidence_interval":{"confidence_level":0.95,"lower_bound":0.01398391507038416,"upper_bound":0.09917586878605988},"point_estimate":0.06145745821123302,"standard_error":0.02414453163275816}}