{"Mean":{"confidence_interval":{"confidence_level":0.95,"lower_bound":-0.25894619533773333,"upper_bound":-0.25347445468573043},"point_estimate":-0.2557904410837273,"standard_error":0.001424393132005018},"Median":{"confidence_interval":{"confidence_level":0.95,"lower_bound":-0.2528046582201836,"upper_bound":-0.2517688645226379},"point_estimate":-0.25222636097437934,"standard_error":0.00025846114141386806}}