{"Mean":{"confidence_interval":{"confidence_level":0.95,"lower_bound":0.01738817924252209,"upper_bound":0.02388558381702718},"point_estimate":0.020559382528397174,"standard_error":0.0016378946988097757},"Median":{"confidence_interval":{"confidence_level":0.95,"lower_bound":0.018554701977508525,"upper_bound":0.021599928859033838},"point_estimate":0.019669366823267476,"standard_error":0.0007321483230104299}}