{"Mean":{"confidence_interval":{"confidence_level":0.95,"lower_bound":13.62847450467966,"upper_bound":13.781061184797151},"point_estimate":13.697879982456305,"standard_error":0.03913072623785182},"Median":{"confidence_interval":{"confidence_level":0.95,"lower_bound":13.579524536835006,"upper_bound":13.63234170011697},"point_estimate":13.616323783516926,"standard_error":0.013888066789318466},"MedianAbsDev":{"confidence_interval":{"confidence_level":0.95,"lower_bound":0.08721304492779691,"upper_bound":0.18738642636463132},"point_estimate":0.12307158089138111,"standard_error":0.02498973346399792},"Slope":{"confidence_interval":{"confidence_level":0.95,"lower_bound":13.533939411596059,"upper_bound":13.60214390165711},"point_estimate":13.564364905410452,"standard_error":0.017462603892812574},"StdDev":{"confidence_interval":{"confidence_level":0.95,"lower_bound":0.21798055833240762,"upper_bound":0.536724469595084},"point_estimate":0.3938947474348337,"standard_error":0.08117147495638323}}