{"Mean":{"confidence_interval":{"confidence_level":0.95,"lower_bound":25.374993401360943,"upper_bound":25.55683648421034},"point_estimate":25.461813534442722,"standard_error":0.0465636302160139},"Median":{"confidence_interval":{"confidence_level":0.95,"lower_bound":25.28216979796396,"upper_bound":25.402923203783736},"point_estimate":25.329020980529172,"standard_error":0.02702705204097782},"MedianAbsDev":{"confidence_interval":{"confidence_level":0.95,"lower_bound":0.15776653176628166,"upper_bound":0.2760678220050208},"point_estimate":0.1930954667172169,"standard_error":0.031237310822814734},"Slope":{"confidence_interval":{"confidence_level":0.95,"lower_bound":25.328166134513555,"upper_bound":25.49411726243503},"point_estimate":25.40529662439852,"standard_error":0.04215731455940819},"StdDev":{"confidence_interval":{"confidence_level":0.95,"lower_bound":0.3566554408049225,"upper_bound":0.5674787594215721},"point_estimate":0.46946331645253253,"standard_error":0.053828691911053356}}