{"Mean":{"confidence_interval":{"confidence_level":0.95,"lower_bound":13.21798028426734,"upper_bound":13.232662131356115},"point_estimate":13.224460881129271,"standard_error":0.003780247034729511},"Median":{"confidence_interval":{"confidence_level":0.95,"lower_bound":13.20956721718581,"upper_bound":13.216048593101782},"point_estimate":13.212319579614526,"standard_error":0.0017354710309780122},"MedianAbsDev":{"confidence_interval":{"confidence_level":0.95,"lower_bound":0.005822456805267502,"upper_bound":0.013566082129893048},"point_estimate":0.00820330205939619,"standard_error":0.002022131326072445},"Slope":{"confidence_interval":{"confidence_level":0.95,"lower_bound":13.216951712009806,"upper_bound":13.22811504653653},"point_estimate":13.222022134480445,"standard_error":0.0028561109457501},"StdDev":{"confidence_interval":{"confidence_level":0.95,"lower_bound":0.01740044410449559,"upper_bound":0.05652775627200934},"point_estimate":0.03800860627623945,"standard_error":0.010399107774860535}}