{"Mean":{"confidence_interval":{"confidence_level":0.95,"lower_bound":13.913330782416162,"upper_bound":14.054099577454464},"point_estimate":13.974909429357673,"standard_error":0.03629391954497759},"Median":{"confidence_interval":{"confidence_level":0.95,"lower_bound":13.870506969058368,"upper_bound":13.904244202713894},"point_estimate":13.880367133012982,"standard_error":0.008556574170678732},"MedianAbsDev":{"confidence_interval":{"confidence_level":0.95,"lower_bound":0.039311495672149574,"upper_bound":0.07386301671759439},"point_estimate":0.054709368210733966,"standard_error":0.008900354321168386},"Slope":{"confidence_interval":{"confidence_level":0.95,"lower_bound":13.882344930344765,"upper_bound":13.918453709224405},"point_estimate":13.89880103474247,"standard_error":0.009271084346816023},"StdDev":{"confidence_interval":{"confidence_level":0.95,"lower_bound":0.1490487375744241,"upper_bound":0.5436223056123604},"point_estimate":0.36603955382978753,"standard_error":0.10386540046667142}}