{"Mean":{"confidence_interval":{"confidence_level":0.95,"lower_bound":4937.0127104521125,"upper_bound":5128.143894580961},"point_estimate":5026.466009851551,"standard_error":48.92040493081379},"Median":{"confidence_interval":{"confidence_level":0.95,"lower_bound":4748.397442521313,"upper_bound":4910.56462585034},"point_estimate":4823.177735866069,"standard_error":44.11798021996636},"MedianAbsDev":{"confidence_interval":{"confidence_level":0.95,"lower_bound":74.88003247970657,"upper_bound":296.34088799883375},"point_estimate":174.50903577545074,"standard_error":59.651629062124705},"Slope":{"confidence_interval":{"confidence_level":0.95,"lower_bound":4953.872169107414,"upper_bound":5114.485183596873},"point_estimate":5030.766012521752,"standard_error":41.07316543032469},"StdDev":{"confidence_interval":{"confidence_level":0.95,"lower_bound":326.70503186024683,"upper_bound":646.3969136656127},"point_estimate":491.4432778742645,"standard_error":82.38057850690822}}