{"Mean":{"confidence_interval":{"confidence_level":0.95,"lower_bound":6748.069191411636,"upper_bound":6823.361675699435},"point_estimate":6783.646702773037,"standard_error":19.218991539149044},"Median":{"confidence_interval":{"confidence_level":0.95,"lower_bound":6718.486362163912,"upper_bound":6779.585908649174},"point_estimate":6742.101742184969,"standard_error":19.285353019108662},"MedianAbsDev":{"confidence_interval":{"confidence_level":0.95,"lower_bound":107.48443877059444,"upper_bound":168.6788873607043},"point_estimate":146.65560026112541,"standard_error":15.300983049098415},"Slope":{"confidence_interval":{"confidence_level":0.95,"lower_bound":6765.547575437073,"upper_bound":6860.314142968174},"point_estimate":6808.498341591698,"standard_error":24.221457586121986},"StdDev":{"confidence_interval":{"confidence_level":0.95,"lower_bound":133.35173835185026,"upper_bound":248.108879036389},"point_estimate":193.0394788445552,"standard_error":29.418867252688848}}