{"Mean":{"confidence_interval":{"confidence_level":0.95,"lower_bound":0.1405864773518614,"upper_bound":0.19968280085555118},"point_estimate":0.16848302163044404,"standard_error":0.01502701635436629},"Median":{"confidence_interval":{"confidence_level":0.95,"lower_bound":0.13937546002691611,"upper_bound":0.17513608216272591},"point_estimate":0.16079333960178155,"standard_error":0.009392634556472169}}