{"Mean":{"confidence_interval":{"confidence_level":0.95,"lower_bound":10.025038544311803,"upper_bound":10.037919867875392},"point_estimate":10.031136028105097,"standard_error":0.003287951471114365},"Median":{"confidence_interval":{"confidence_level":0.95,"lower_bound":10.019170911314355,"upper_bound":10.025796023631896},"point_estimate":10.020897160010469,"standard_error":0.001709993183395045},"MedianAbsDev":{"confidence_interval":{"confidence_level":0.95,"lower_bound":0.007718738021692179,"upper_bound":0.014876439500317872},"point_estimate":0.010724191955698785,"standard_error":0.0018131910416856528},"Slope":{"confidence_interval":{"confidence_level":0.95,"lower_bound":10.024632700729804,"upper_bound":10.036126050872364},"point_estimate":10.02982596675336,"standard_error":0.002935800602777276},"StdDev":{"confidence_interval":{"confidence_level":0.95,"lower_bound":0.02264018445521624,"upper_bound":0.04174553129078183},"point_estimate":0.03304397656869523,"standard_error":0.0048833698520168636}}