{"Mean":{"confidence_interval":{"confidence_level":0.95,"lower_bound":-0.25483817362428696,"upper_bound":-0.25390173450740083},"point_estimate":-0.2544048450230748,"standard_error":0.00024421887548742354},"Median":{"confidence_interval":{"confidence_level":0.95,"lower_bound":-0.2543857182885281,"upper_bound":-0.25402914423278344},"point_estimate":-0.2542615126528819,"standard_error":0.00009315301277346835}}