{"Mean":{"confidence_interval":{"confidence_level":0.95,"lower_bound":0.19064413635980246,"upper_bound":0.20768445037866848},"point_estimate":0.1986387351204575,"standard_error":0.00436407898069172},"Median":{"confidence_interval":{"confidence_level":0.95,"lower_bound":0.19930258321911698,"upper_bound":0.20213689157996306},"point_estimate":0.2006038956083811,"standard_error":0.0007309386146323368}}