{"Mean":{"confidence_interval":{"confidence_level":0.95,"lower_bound":13.24774262830507,"upper_bound":13.303898067971627},"point_estimate":13.273380433664709,"standard_error":0.014413234834038722},"Median":{"confidence_interval":{"confidence_level":0.95,"lower_bound":13.218267582116148,"upper_bound":13.232766393871078},"point_estimate":13.225734786620121,"standard_error":0.004128081401738383},"MedianAbsDev":{"confidence_interval":{"confidence_level":0.95,"lower_bound":0.015178636138995522,"upper_bound":0.03229372445324388},"point_estimate":0.022580672070486963,"standard_error":0.004528792485468946},"Slope":{"confidence_interval":{"confidence_level":0.95,"lower_bound":13.24149483028564,"upper_bound":13.29146938087859},"point_estimate":13.26353806810245,"standard_error":0.012793937805822437},"StdDev":{"confidence_interval":{"confidence_level":0.95,"lower_bound":0.08421834950449066,"upper_bound":0.19155762942148669},"point_estimate":0.14411206272442417,"standard_error":0.027443663217816307}}