{"Mean":{"confidence_interval":{"confidence_level":0.95,"lower_bound":13.516037187360483,"upper_bound":13.580537480569108},"point_estimate":13.546272939445364,"standard_error":0.01651699126518383},"Median":{"confidence_interval":{"confidence_level":0.95,"lower_bound":13.473448273999582,"upper_bound":13.507965104530633},"point_estimate":13.485876615645402,"standard_error":0.008399965633664595},"MedianAbsDev":{"confidence_interval":{"confidence_level":0.95,"lower_bound":0.05692313035893705,"upper_bound":0.09634316503711446},"point_estimate":0.0747676651805432,"standard_error":0.010895512200567347},"Slope":{"confidence_interval":{"confidence_level":0.95,"lower_bound":13.542398487726887,"upper_bound":13.641173403818291},"point_estimate":13.588384196886068,"standard_error":0.025320928733698952},"StdDev":{"confidence_interval":{"confidence_level":0.95,"lower_bound":0.11310050798087112,"upper_bound":0.21175032487334394},"point_estimate":0.1662955490731183,"standard_error":0.025298314294127707}}