{"Mean":{"confidence_interval":{"confidence_level":0.95,"lower_bound":25.097343204223307,"upper_bound":25.253706368219547},"point_estimate":25.171187930019006,"standard_error":0.04014096864795229},"Median":{"confidence_interval":{"confidence_level":0.95,"lower_bound":25.017688135208747,"upper_bound":25.15233312047949},"point_estimate":25.084539627673028,"standard_error":0.030810745779225948},"MedianAbsDev":{"confidence_interval":{"confidence_level":0.95,"lower_bound":0.1775037821141244,"upper_bound":0.2884264731556729},"point_estimate":0.23337698884995176,"standard_error":0.029313343677246965},"Slope":{"confidence_interval":{"confidence_level":0.95,"lower_bound":25.101637316841213,"upper_bound":25.245768191867466},"point_estimate":25.167646405712183,"standard_error":0.0369880359110193},"StdDev":{"confidence_interval":{"confidence_level":0.95,"lower_bound":0.2728182226096278,"upper_bound":0.522879438983607},"point_estimate":0.4027555388318609,"standard_error":0.06421143518901617}}