{"Mean":{"confidence_interval":{"confidence_level":0.95,"lower_bound":13.463438852757236,"upper_bound":13.54150230075997},"point_estimate":13.497867214527968,"standard_error":0.02005807934160237},"Median":{"confidence_interval":{"confidence_level":0.95,"lower_bound":13.426000482943728,"upper_bound":13.442356395528515},"point_estimate":13.431682843907076,"standard_error":0.004567469085226605},"MedianAbsDev":{"confidence_interval":{"confidence_level":0.95,"lower_bound":0.023145682029292004,"upper_bound":0.045663853882153764},"point_estimate":0.03371161924839569,"standard_error":0.0056481594922231605},"Slope":{"confidence_interval":{"confidence_level":0.95,"lower_bound":13.450458873874583,"upper_bound":13.490324830637068},"point_estimate":13.468303004075825,"standard_error":0.010204999870880721},"StdDev":{"confidence_interval":{"confidence_level":0.95,"lower_bound":0.09911382746379896,"upper_bound":0.2990958536180129},"point_estimate":0.20178915552886628,"standard_error":0.055493433796995034}}