{"Mean":{"confidence_interval":{"confidence_level":0.95,"lower_bound":-0.052580552904010064,"upper_bound":0.05000416509730381},"point_estimate":0.005336874300866157,"standard_error":0.026693947894513383},"Median":{"confidence_interval":{"confidence_level":0.95,"lower_bound":0.00032407734846029435,"upper_bound":0.04759857548513402},"point_estimate":0.018989165324727608,"standard_error":0.012069524909179865}}