{"Mean":{"confidence_interval":{"confidence_level":0.95,"lower_bound":0.0270053431549659,"upper_bound":0.029590230430776333},"point_estimate":0.028351536538159028,"standard_error":0.000661890955893351},"Median":{"confidence_interval":{"confidence_level":0.95,"lower_bound":0.027056498223074765,"upper_bound":0.02918778801620947},"point_estimate":0.02803227304499689,"standard_error":0.0005009492981969601}}