{"Mean":{"confidence_interval":{"confidence_level":0.95,"lower_bound":0.13930228933891628,"upper_bound":0.2734724980903043},"point_estimate":0.18780569354899468,"standard_error":0.035049674392096594},"Median":{"confidence_interval":{"confidence_level":0.95,"lower_bound":0.1258911779366274,"upper_bound":0.18471997959873288},"point_estimate":0.15140302060668942,"standard_error":0.015463404147408618}}