{"Mean":{"confidence_interval":{"confidence_level":0.95,"lower_bound":0.016698376062828754,"upper_bound":0.0219311058666582},"point_estimate":0.019411879683655986,"standard_error":0.0013131267921240933},"Median":{"confidence_interval":{"confidence_level":0.95,"lower_bound":0.01751635315983613,"upper_bound":0.018884425095353707},"point_estimate":0.018244465370533147,"standard_error":0.00036604658162188447}}