{"Mean":{"confidence_interval":{"confidence_level":0.95,"lower_bound":-0.26115305427877183,"upper_bound":-0.25676586514124045},"point_estimate":-0.25871980888452195,"standard_error":0.0011260483076399612},"Median":{"confidence_interval":{"confidence_level":0.95,"lower_bound":-0.25566953328791997,"upper_bound":-0.2547194539905283},"point_estimate":-0.255079100506601,"standard_error":0.00025976246119110416}}