{"Mean":{"confidence_interval":{"confidence_level":0.95,"lower_bound":0.029774899593707004,"upper_bound":0.03450114405525928},"point_estimate":0.03203297652943182,"standard_error":0.0011994634868597608},"Median":{"confidence_interval":{"confidence_level":0.95,"lower_bound":0.02987096688531876,"upper_bound":0.03299113251760577},"point_estimate":0.03116406134410421,"standard_error":0.0008894348489358966}}