{"Mean":{"confidence_interval":{"confidence_level":0.95,"lower_bound":0.020435760288987158,"upper_bound":0.023850026255617062},"point_estimate":0.022000083931833503,"standard_error":0.0008573604461876283},"Median":{"confidence_interval":{"confidence_level":0.95,"lower_bound":0.020006941496178987,"upper_bound":0.022219804951043365},"point_estimate":0.020976557121222816,"standard_error":0.0005436298790761588}}