{"Mean":{"confidence_interval":{"confidence_level":0.95,"lower_bound":13.425079040499778,"upper_bound":13.442476345333256},"point_estimate":13.433038692838467,"standard_error":0.0044489288630915075},"Median":{"confidence_interval":{"confidence_level":0.95,"lower_bound":13.41667121344391,"upper_bound":13.425480310181143},"point_estimate":13.42124561235996,"standard_error":0.002283171344221396},"MedianAbsDev":{"confidence_interval":{"confidence_level":0.95,"lower_bound":0.012903163155669469,"upper_bound":0.022164201023169516},"point_estimate":0.017102528658717628,"standard_error":0.0024583721132034786},"Slope":{"confidence_interval":{"confidence_level":0.95,"lower_bound":13.427653123868923,"upper_bound":13.444851137312655},"point_estimate":13.435157782657667,"standard_error":0.004418954986688061},"StdDev":{"confidence_interval":{"confidence_level":0.95,"lower_bound":0.025777307538517452,"upper_bound":0.05982440708903526},"point_estimate":0.044810493530099776,"standard_error":0.008682257531837182}}