{"Mean":{"confidence_interval":{"confidence_level":0.95,"lower_bound":25.035280126041368,"upper_bound":25.136585899898147},"point_estimate":25.084762996411936,"standard_error":0.025931035579378207},"Median":{"confidence_interval":{"confidence_level":0.95,"lower_bound":24.975111325366516,"upper_bound":25.071790196494256},"point_estimate":25.020973830977162,"standard_error":0.026144383597975572},"MedianAbsDev":{"confidence_interval":{"confidence_level":0.95,"lower_bound":0.1279819905173966,"upper_bound":0.23119025258459588},"point_estimate":0.1791653630122195,"standard_error":0.027396284108377522},"Slope":{"confidence_interval":{"confidence_level":0.95,"lower_bound":25.006339210790664,"upper_bound":25.07487304867997},"point_estimate":25.038663202371193,"standard_error":0.01748719669899924},"StdDev":{"confidence_interval":{"confidence_level":0.95,"lower_bound":0.21132590956780387,"upper_bound":0.30155937997479487},"point_estimate":0.2600720969068123,"standard_error":0.022987908287789818}}