{"Mean":{"confidence_interval":{"confidence_level":0.95,"lower_bound":10.00872776746432,"upper_bound":10.014352333989093},"point_estimate":10.011468438880046,"standard_error":0.0014374428587534554},"Median":{"confidence_interval":{"confidence_level":0.95,"lower_bound":10.00780115995209,"upper_bound":10.01239857677594},"point_estimate":10.009643005775652,"standard_error":0.001266776619498558},"MedianAbsDev":{"confidence_interval":{"confidence_level":0.95,"lower_bound":0.007179648261593501,"upper_bound":0.012354252207798632},"point_estimate":0.010153743684533896,"standard_error":0.0012560782330971552},"Slope":{"confidence_interval":{"confidence_level":0.95,"lower_bound":10.012373838878231,"upper_bound":10.018954745430934},"point_estimate":10.015596216465326,"standard_error":0.0016810047845412838},"StdDev":{"confidence_interval":{"confidence_level":0.95,"lower_bound":0.009968677314015264,"upper_bound":0.018774158727879582},"point_estimate":0.01446610146626717,"standard_error":0.0022703786172293895}}