{"Mean":{"confidence_interval":{"confidence_level":0.95,"lower_bound":0.3229546718588693,"upper_bound":0.33438040881715814},"point_estimate":0.3287049395873691,"standard_error":0.002912351022173653},"Median":{"confidence_interval":{"confidence_level":0.95,"lower_bound":0.327427298643983,"upper_bound":0.33867403059946444},"point_estimate":0.33270541399922937,"standard_error":0.0029493671756721427}}