{"Mean":{"confidence_interval":{"confidence_level":0.95,"lower_bound":43.111014619292206,"upper_bound":43.53269071989905},"point_estimate":43.2950996842561,"standard_error":0.10865001569254847},"Median":{"confidence_interval":{"confidence_level":0.95,"lower_bound":42.99270811439423,"upper_bound":43.12570639695552},"point_estimate":43.0663681608724,"standard_error":0.0391115434752364},"MedianAbsDev":{"confidence_interval":{"confidence_level":0.95,"lower_bound":0.35733941537092617,"upper_bound":0.5494552254038149},"point_estimate":0.46621624673903495,"standard_error":0.049905926740818674},"Slope":{"confidence_interval":{"confidence_level":0.95,"lower_bound":43.137767656397116,"upper_bound":43.442474570901936},"point_estimate":43.271580247395605,"standard_error":0.07877172100502108},"StdDev":{"confidence_interval":{"confidence_level":0.95,"lower_bound":0.46395160481944836,"upper_bound":1.6586025975698255},"point_estimate":1.0904844581143078,"standard_error":0.3241072630164899}}