{"Mean":{"confidence_interval":{"confidence_level":0.95,"lower_bound":33.30566733688515,"upper_bound":33.71369041227101},"point_estimate":33.481067980892874,"standard_error":0.10565741698425224},"Median":{"confidence_interval":{"confidence_level":0.95,"lower_bound":33.24902880964669,"upper_bound":33.26680847836981},"point_estimate":33.25542010812874,"standard_error":0.004554223306761679},"MedianAbsDev":{"confidence_interval":{"confidence_level":0.95,"lower_bound":0.030241133602033315,"upper_bound":0.05487583770595131},"point_estimate":0.041024595325592446,"standard_error":0.006250138915956644},"Slope":{"confidence_interval":{"confidence_level":0.95,"lower_bound":33.263809530788684,"upper_bound":33.28925890005695},"point_estimate":33.27541696398,"standard_error":0.0064858244852113505},"StdDev":{"confidence_interval":{"confidence_level":0.95,"lower_bound":0.3210705343649729,"upper_bound":1.6040163790431956},"point_estimate":1.0563242747396921,"standard_error":0.33739891810735656}}