{"Mean":{"confidence_interval":{"confidence_level":0.95,"lower_bound":13.216596633310543,"upper_bound":13.258636194775848},"point_estimate":13.232074578380884,"standard_error":0.011860919982381868},"Median":{"confidence_interval":{"confidence_level":0.95,"lower_bound":13.20842475519651,"upper_bound":13.214563667859103},"point_estimate":13.210879675950153,"standard_error":0.0015822527214565904},"MedianAbsDev":{"confidence_interval":{"confidence_level":0.95,"lower_bound":0.006133593637183707,"upper_bound":0.013671167503015108},"point_estimate":0.00935506108491899,"standard_error":0.0019488894216872544},"Slope":{"confidence_interval":{"confidence_level":0.95,"lower_bound":13.218336135565636,"upper_bound":13.257267888584432},"point_estimate":13.232766860858721,"standard_error":0.01051416119658185},"StdDev":{"confidence_interval":{"confidence_level":0.95,"lower_bound":0.016725497493365153,"upper_bound":0.2017392677490251},"point_estimate":0.1194180922642353,"standard_error":0.06215058801619487}}