{"Mean":{"confidence_interval":{"confidence_level":0.95,"lower_bound":26.743917710728223,"upper_bound":26.89998167164185},"point_estimate":26.82495007593424,"standard_error":0.03973110608234232},"Median":{"confidence_interval":{"confidence_level":0.95,"lower_bound":26.786518681506596,"upper_bound":26.904873590197482},"point_estimate":26.851938030057003,"standard_error":0.03133879049943612},"MedianAbsDev":{"confidence_interval":{"confidence_level":0.95,"lower_bound":0.18635200756611023,"upper_bound":0.33470079653150564},"point_estimate":0.24007906874162002,"standard_error":0.036134389154327796},"Slope":{"confidence_interval":{"confidence_level":0.95,"lower_bound":26.835509632993254,"upper_bound":26.930568498691102},"point_estimate":26.883071026959207,"standard_error":0.024246140265719827},"StdDev":{"confidence_interval":{"confidence_level":0.95,"lower_bound":0.2640355183160372,"upper_bound":0.5422663348904504},"point_estimate":0.40069521110947476,"standard_error":0.07314250972711346}}