{"Mean":{"confidence_interval":{"confidence_level":0.95,"lower_bound":10.00355154516714,"upper_bound":10.017948782264853},"point_estimate":10.008830994964473,"standard_error":0.004093061543069327},"Median":{"confidence_interval":{"confidence_level":0.95,"lower_bound":10.003059006578559,"upper_bound":10.0050263831067},"point_estimate":10.003878749945322,"standard_error":0.0004766061667507825},"MedianAbsDev":{"confidence_interval":{"confidence_level":0.95,"lower_bound":0.0030915905938024095,"upper_bound":0.007052065789107299},"point_estimate":0.005421285492983295,"standard_error":0.0010395962312051534},"Slope":{"confidence_interval":{"confidence_level":0.95,"lower_bound":10.001837558087342,"upper_bound":10.017473307676076},"point_estimate":10.00776039406802,"standard_error":0.004166974054136416},"StdDev":{"confidence_interval":{"confidence_level":0.95,"lower_bound":0.007195873339379583,"upper_bound":0.06963300853818696},"point_estimate":0.04112973531429504,"standard_error":0.02171978800450078}}