{"Mean":{"confidence_interval":{"confidence_level":0.95,"lower_bound":2816.0006777720173,"upper_bound":2905.177612328924},"point_estimate":2859.1807095634813,"standard_error":22.811396236093167},"Median":{"confidence_interval":{"confidence_level":0.95,"lower_bound":2745.8582055804277,"upper_bound":2859.8630192260134},"point_estimate":2809.942982991511,"standard_error":28.819858983403577},"MedianAbsDev":{"confidence_interval":{"confidence_level":0.95,"lower_bound":144.79061886665892,"upper_bound":239.1216603317922},"point_estimate":193.82868411785086,"standard_error":23.679533701875155},"Slope":{"confidence_interval":{"confidence_level":0.95,"lower_bound":2830.932072903796,"upper_bound":2922.329183809488},"point_estimate":2875.6827392781374,"standard_error":23.273064716045738},"StdDev":{"confidence_interval":{"confidence_level":0.95,"lower_bound":180.45611006631125,"upper_bound":274.41852454359645},"point_estimate":229.17443237518316,"standard_error":24.088495606751284}}