{"Mean":{"confidence_interval":{"confidence_level":0.95,"lower_bound":2778.3781948652395,"upper_bound":2880.4562712312486},"point_estimate":2827.5560497243696,"standard_error":26.052890096336554},"Median":{"confidence_interval":{"confidence_level":0.95,"lower_bound":2703.779487650691,"upper_bound":2822.213999342754},"point_estimate":2759.9442415126773,"standard_error":34.97500502663643},"MedianAbsDev":{"confidence_interval":{"confidence_level":0.95,"lower_bound":168.30643872353357,"upper_bound":296.8534848240711},"point_estimate":216.5603257025966,"standard_error":31.751417074678745},"Slope":{"confidence_interval":{"confidence_level":0.95,"lower_bound":2847.065419629482,"upper_bound":2999.0296927563236},"point_estimate":2922.652131845887,"standard_error":38.87448597746887},"StdDev":{"confidence_interval":{"confidence_level":0.95,"lower_bound":211.2852835899314,"upper_bound":303.6452772610766},"point_estimate":260.49539225277607,"standard_error":23.613469097579134}}