{"Mean":{"confidence_interval":{"confidence_level":0.95,"lower_bound":3762.065987027159,"upper_bound":3789.2802342151226},"point_estimate":3774.8866934668686,"standard_error":6.943922241847164},"Median":{"confidence_interval":{"confidence_level":0.95,"lower_bound":3754.0853400929445,"upper_bound":3773.7016682650446},"point_estimate":3763.983979529132,"standard_error":4.856582998786674},"MedianAbsDev":{"confidence_interval":{"confidence_level":0.95,"lower_bound":34.71422534279198,"upper_bound":56.06277229681816},"point_estimate":47.33418859881377,"standard_error":5.456490901790173},"Slope":{"confidence_interval":{"confidence_level":0.95,"lower_bound":3758.5534761400713,"upper_bound":3775.5123346931678},"point_estimate":3766.9511496464897,"standard_error":4.319455529626805},"StdDev":{"confidence_interval":{"confidence_level":0.95,"lower_bound":46.6891211948092,"upper_bound":94.00431095399489},"point_estimate":70.07545092606678,"standard_error":12.577190875511421}}