{"Mean":{"confidence_interval":{"confidence_level":0.95,"lower_bound":0.04330047397304737,"upper_bound":0.10782324884791171},"point_estimate":0.0726610463314663,"standard_error":0.016335534931096594},"Median":{"confidence_interval":{"confidence_level":0.95,"lower_bound":0.017624261703168997,"upper_bound":0.09105311363429958},"point_estimate":0.04269843638330717,"standard_error":0.019803840267149236}}