{"Mean":{"confidence_interval":{"confidence_level":0.95,"lower_bound":25.371179868329307,"upper_bound":25.52539426221279},"point_estimate":25.444512866657842,"standard_error":0.03941968583550187},"Median":{"confidence_interval":{"confidence_level":0.95,"lower_bound":25.311057769855115,"upper_bound":25.433655396157462},"point_estimate":25.361745021221026,"standard_error":0.025937422043991146},"MedianAbsDev":{"confidence_interval":{"confidence_level":0.95,"lower_bound":0.17352130094648172,"upper_bound":0.33511451969188316},"point_estimate":0.2769246805476201,"standard_error":0.047320021755103796},"Slope":{"confidence_interval":{"confidence_level":0.95,"lower_bound":25.43891257116072,"upper_bound":25.615444362851278},"point_estimate":25.521159324322156,"standard_error":0.04525986541270769},"StdDev":{"confidence_interval":{"confidence_level":0.95,"lower_bound":0.2943407893412929,"upper_bound":0.4830344075149668},"point_estimate":0.3946407979462879,"standard_error":0.048179285401229004}}