{"Mean":{"confidence_interval":{"confidence_level":0.95,"lower_bound":25.29000839256968,"upper_bound":25.44500093304461},"point_estimate":25.365716048575948,"standard_error":0.03949042234021904},"Median":{"confidence_interval":{"confidence_level":0.95,"lower_bound":25.26448701892605,"upper_bound":25.391288558489276},"point_estimate":25.34061702112428,"standard_error":0.03618380899433222},"MedianAbsDev":{"confidence_interval":{"confidence_level":0.95,"lower_bound":0.22072323096693214,"upper_bound":0.40975359287620877},"point_estimate":0.3094444259567376,"standard_error":0.049124376232758},"Slope":{"confidence_interval":{"confidence_level":0.95,"lower_bound":25.375515209858538,"upper_bound":25.519255947088038},"point_estimate":25.443633792353054,"standard_error":0.03678260375156241},"StdDev":{"confidence_interval":{"confidence_level":0.95,"lower_bound":0.31474246920902704,"upper_bound":0.47151455836571887},"point_estimate":0.3957010469179287,"standard_error":0.04007581519211417}}