{"Mean":{"confidence_interval":{"confidence_level":0.95,"lower_bound":13.24901892203584,"upper_bound":13.32610274813609},"point_estimate":13.280988676366544,"standard_error":0.02017217724401088},"Median":{"confidence_interval":{"confidence_level":0.95,"lower_bound":13.22681841557024,"upper_bound":13.240228235231156},"point_estimate":13.231548813500433,"standard_error":0.0031310851538964776},"MedianAbsDev":{"confidence_interval":{"confidence_level":0.95,"lower_bound":0.019454031060512092,"upper_bound":0.03649215761940796},"point_estimate":0.026206651586741635,"standard_error":0.004199458303728304},"Slope":{"confidence_interval":{"confidence_level":0.95,"lower_bound":13.247198731549128,"upper_bound":13.338752664689089},"point_estimate":13.2836552073101,"standard_error":0.024023255002703622},"StdDev":{"confidence_interval":{"confidence_level":0.95,"lower_bound":0.06625960751199518,"upper_bound":0.3226015336187643},"point_estimate":0.20267340355021043,"standard_error":0.0756994717985872}}