{"Mean":{"confidence_interval":{"confidence_level":0.95,"lower_bound":13.489256202888217,"upper_bound":13.514186709842468},"point_estimate":13.501265790937623,"standard_error":0.006362997727282525},"Median":{"confidence_interval":{"confidence_level":0.95,"lower_bound":13.470160765216306,"upper_bound":13.486481887716808},"point_estimate":13.479293220070733,"standard_error":0.004137380433975898},"MedianAbsDev":{"confidence_interval":{"confidence_level":0.95,"lower_bound":0.02647432856208311,"upper_bound":0.055195603461249944},"point_estimate":0.037337894245378686,"standard_error":0.007329278160653605},"Slope":{"confidence_interval":{"confidence_level":0.95,"lower_bound":13.48426775078881,"upper_bound":13.5060953109679},"point_estimate":13.494591849588598,"standard_error":0.005577217361536757},"StdDev":{"confidence_interval":{"confidence_level":0.95,"lower_bound":0.05110010160549652,"upper_bound":0.07541031762571608},"point_estimate":0.06403090667324136,"standard_error":0.00620733814467351}}