{"Mean":{"confidence_interval":{"confidence_level":0.95,"lower_bound":56.840596520324155,"upper_bound":58.21679127239115},"point_estimate":57.45195967908083,"standard_error":0.353214333057422},"Median":{"confidence_interval":{"confidence_level":0.95,"lower_bound":56.00784991017475,"upper_bound":56.67105414012739},"point_estimate":56.3624967684526,"standard_error":0.17261684860921853},"MedianAbsDev":{"confidence_interval":{"confidence_level":0.95,"lower_bound":0.7616369460323817,"upper_bound":1.5766293197165464},"point_estimate":1.1640117326692394,"standard_error":0.21119290939794902},"Slope":{"confidence_interval":{"confidence_level":0.95,"lower_bound":56.78452382527807,"upper_bound":57.82565927233767},"point_estimate":57.28265577818168,"standard_error":0.2658793169165821},"StdDev":{"confidence_interval":{"confidence_level":0.95,"lower_bound":1.8687621522112254,"upper_bound":5.1520938588601},"point_estimate":3.5434508191706224,"standard_error":0.8771178665100919}}