{"Mean":{"confidence_interval":{"confidence_level":0.95,"lower_bound":13.212394133358076,"upper_bound":13.221658982863932},"point_estimate":13.216499077201805,"standard_error":0.002388019635788047},"Median":{"confidence_interval":{"confidence_level":0.95,"lower_bound":13.206452695607583,"upper_bound":13.211356261903891},"point_estimate":13.208274651304375,"standard_error":0.0011607605941567022},"MedianAbsDev":{"confidence_interval":{"confidence_level":0.95,"lower_bound":0.002760102880163454,"upper_bound":0.008595657321965279},"point_estimate":0.005223635605124797,"standard_error":0.001386261317749241},"Slope":{"confidence_interval":{"confidence_level":0.95,"lower_bound":13.215127070929134,"upper_bound":13.221682162397663},"point_estimate":13.218411272476278,"standard_error":0.001673964344521798},"StdDev":{"confidence_interval":{"confidence_level":0.95,"lower_bound":0.01072400118497652,"upper_bound":0.03493316516163267},"point_estimate":0.02411300428829742,"standard_error":0.006424641604806968}}