{"Mean":{"confidence_interval":{"confidence_level":0.95,"lower_bound":13.55303357709137,"upper_bound":13.619577572552371},"point_estimate":13.584813378715635,"standard_error":0.01699983413800009},"Median":{"confidence_interval":{"confidence_level":0.95,"lower_bound":13.507129510311426,"upper_bound":13.544562942887975},"point_estimate":13.523918750854232,"standard_error":0.011695658864656892},"MedianAbsDev":{"confidence_interval":{"confidence_level":0.95,"lower_bound":0.06325685690547858,"upper_bound":0.12961108455736747},"point_estimate":0.09193519590040772,"standard_error":0.01760164712052488},"Slope":{"confidence_interval":{"confidence_level":0.95,"lower_bound":13.54923328465819,"upper_bound":13.645624279998012},"point_estimate":13.594625477669837,"standard_error":0.024711578964556283},"StdDev":{"confidence_interval":{"confidence_level":0.95,"lower_bound":0.1261142417435564,"upper_bound":0.21053400528626046},"point_estimate":0.17070791594039278,"standard_error":0.02162657828450676}}