{"Mean":{"confidence_interval":{"confidence_level":0.95,"lower_bound":13.997856202533375,"upper_bound":14.210615711079734},"point_estimate":14.095545016763593,"standard_error":0.054551715050229425},"Median":{"confidence_interval":{"confidence_level":0.95,"lower_bound":13.903061488502736,"upper_bound":13.93899140584616},"point_estimate":13.922891927606347,"standard_error":0.009088493026522286},"MedianAbsDev":{"confidence_interval":{"confidence_level":0.95,"lower_bound":0.04975233985455484,"upper_bound":0.08554446592435687},"point_estimate":0.06457484675075241,"standard_error":0.008580074000227322},"Slope":{"confidence_interval":{"confidence_level":0.95,"lower_bound":13.907000897158625,"upper_bound":14.033916615353359},"point_estimate":13.95434000033379,"standard_error":0.03453631854155212},"StdDev":{"confidence_interval":{"confidence_level":0.95,"lower_bound":0.3340653644714565,"upper_bound":0.7394069439216046},"point_estimate":0.5494050982993931,"standard_error":0.1041181776758484}}