{"Mean":{"confidence_interval":{"confidence_level":0.95,"lower_bound":13.268157699494378,"upper_bound":13.316408457409404},"point_estimate":13.289554933652719,"standard_error":0.012425105781426814},"Median":{"confidence_interval":{"confidence_level":0.95,"lower_bound":13.236982168225802,"upper_bound":13.261594487778583},"point_estimate":13.247296129848209,"standard_error":0.007477650502121102},"MedianAbsDev":{"confidence_interval":{"confidence_level":0.95,"lower_bound":0.025331268730170622,"upper_bound":0.057416052021931854},"point_estimate":0.03811802462941121,"standard_error":0.009104730112978599},"Slope":{"confidence_interval":{"confidence_level":0.95,"lower_bound":13.269949549693576,"upper_bound":13.36403016278107},"point_estimate":13.308984516296945,"standard_error":0.024513298748370545},"StdDev":{"confidence_interval":{"confidence_level":0.95,"lower_bound":0.06709996771667476,"upper_bound":0.18385439244252436},"point_estimate":0.12501541449381293,"standard_error":0.03370679392574788}}