{"Mean":{"confidence_interval":{"confidence_level":0.95,"lower_bound":13.512978279827399,"upper_bound":13.591798970588963},"point_estimate":13.547500746314842,"standard_error":0.020291519674755048},"Median":{"confidence_interval":{"confidence_level":0.95,"lower_bound":13.481791619261296,"upper_bound":13.513067410386862},"point_estimate":13.49706676253235,"standard_error":0.008183931827571767},"MedianAbsDev":{"confidence_interval":{"confidence_level":0.95,"lower_bound":0.05036651849477302,"upper_bound":0.0878689971308234},"point_estimate":0.0687060826473238,"standard_error":0.009130576333087987},"Slope":{"confidence_interval":{"confidence_level":0.95,"lower_bound":13.505886415146609,"upper_bound":13.563259146175321},"point_estimate":13.530744511937533,"standard_error":0.014699098093287911},"StdDev":{"confidence_interval":{"confidence_level":0.95,"lower_bound":0.08565422268920486,"upper_bound":0.29871741205168956},"point_estimate":0.2036841273147478,"standard_error":0.05628595512325779}}