{"Mean":{"confidence_interval":{"confidence_level":0.95,"lower_bound":3542.5752121358105,"upper_bound":3667.7770984493463},"point_estimate":3601.459846062093,"standard_error":31.956443867610147},"Median":{"confidence_interval":{"confidence_level":0.95,"lower_bound":3501.0565583634175,"upper_bound":3621.628659195485},"point_estimate":3552.679151624549,"standard_error":32.12001941489973},"MedianAbsDev":{"confidence_interval":{"confidence_level":0.95,"lower_bound":242.13815380168828,"upper_bound":388.16403686046834},"point_estimate":352.68680500209547,"standard_error":39.04436317372653},"Slope":{"confidence_interval":{"confidence_level":0.95,"lower_bound":3557.598073139559,"upper_bound":3674.329068018577},"point_estimate":3615.2012319394557,"standard_error":29.65892868295289},"StdDev":{"confidence_interval":{"confidence_level":0.95,"lower_bound":229.43200819684898,"upper_bound":434.40628148397013},"point_estimate":321.7614691379246,"standard_error":60.01198199855528}}