{"Mean":{"confidence_interval":{"confidence_level":0.95,"lower_bound":25.65016748837607,"upper_bound":25.814345720454657},"point_estimate":25.730099851095634,"standard_error":0.041835134678046976},"Median":{"confidence_interval":{"confidence_level":0.95,"lower_bound":25.65929067583978,"upper_bound":25.76335837685087},"point_estimate":25.71397290579089,"standard_error":0.026396821993997076},"MedianAbsDev":{"confidence_interval":{"confidence_level":0.95,"lower_bound":0.2016402498078466,"upper_bound":0.41018521278159015},"point_estimate":0.2505759643972728,"standard_error":0.05295878118348375},"Slope":{"confidence_interval":{"confidence_level":0.95,"lower_bound":25.80988028604162,"upper_bound":25.964786401493676},"point_estimate":25.885063665105793,"standard_error":0.03949302606116401},"StdDev":{"confidence_interval":{"confidence_level":0.95,"lower_bound":0.32984989939665166,"upper_bound":0.5061860429779803},"point_estimate":0.4199461697240029,"standard_error":0.04515657926531362}}