{"Mean":{"confidence_interval":{"confidence_level":0.95,"lower_bound":10.010192397288385,"upper_bound":10.025029916091405},"point_estimate":10.016079159275359,"standard_error":0.003924655447128404},"Median":{"confidence_interval":{"confidence_level":0.95,"lower_bound":10.00765726417751,"upper_bound":10.010096066336333},"point_estimate":10.008791444177984,"standard_error":0.0005766396548392788},"MedianAbsDev":{"confidence_interval":{"confidence_level":0.95,"lower_bound":0.0033953722415669438,"upper_bound":0.006630504330183543},"point_estimate":0.004985267497487771,"standard_error":0.0007970321738617339},"Slope":{"confidence_interval":{"confidence_level":0.95,"lower_bound":10.011586621672048,"upper_bound":10.023546392414787},"point_estimate":10.01617243048496,"standard_error":0.0032341390018465334},"StdDev":{"confidence_interval":{"confidence_level":0.95,"lower_bound":0.008214861863160216,"upper_bound":0.06451439836025351},"point_estimate":0.03934340457128827,"standard_error":0.016680739823598634}}