{"Mean":{"confidence_interval":{"confidence_level":0.95,"lower_bound":-0.011755127442351545,"upper_bound":0.03625546478430382},"point_estimate":0.011184450204689833,"standard_error":0.01224284853714092},"Median":{"confidence_interval":{"confidence_level":0.95,"lower_bound":-0.013861436651334805,"upper_bound":0.04939833917395409},"point_estimate":0.018115852025847534,"standard_error":0.01638395007740836}}