{"Mean":{"confidence_interval":{"confidence_level":0.95,"lower_bound":10.009218289425242,"upper_bound":10.016869692704658},"point_estimate":10.01250833252829,"standard_error":0.001975360008486978},"Median":{"confidence_interval":{"confidence_level":0.95,"lower_bound":10.006931713856357,"upper_bound":10.009663178847136},"point_estimate":10.008221079314,"standard_error":0.0006999765894710205},"MedianAbsDev":{"confidence_interval":{"confidence_level":0.95,"lower_bound":0.003273832819779873,"upper_bound":0.005651278568212524},"point_estimate":0.004326103558978447,"standard_error":0.0006033436473058122},"Slope":{"confidence_interval":{"confidence_level":0.95,"lower_bound":10.00813748673614,"upper_bound":10.021231333882415},"point_estimate":10.01311924796042,"standard_error":0.0035042229857857794},"StdDev":{"confidence_interval":{"confidence_level":0.95,"lower_bound":0.007107854693838084,"upper_bound":0.030083908020516536},"point_estimate":0.019840632751496567,"standard_error":0.006114276581166367}}