{"Mean":{"confidence_interval":{"confidence_level":0.95,"lower_bound":0.2767007371173451,"upper_bound":0.28323824017199684},"point_estimate":0.2802953290072592,"standard_error":0.0016812389168907292},"Median":{"confidence_interval":{"confidence_level":0.95,"lower_bound":0.2820126008370738,"upper_bound":0.2857134166355726},"point_estimate":0.28400703621007106,"standard_error":0.0009344063653909475}}