{"Mean":{"confidence_interval":{"confidence_level":0.95,"lower_bound":25.126149762926886,"upper_bound":25.265781084533092},"point_estimate":25.190812793027302,"standard_error":0.03561323422339},"Median":{"confidence_interval":{"confidence_level":0.95,"lower_bound":25.076181754076295,"upper_bound":25.178949540284776},"point_estimate":25.11206672800865,"standard_error":0.024782401096363794},"MedianAbsDev":{"confidence_interval":{"confidence_level":0.95,"lower_bound":0.14849531633504273,"upper_bound":0.2480253282121084},"point_estimate":0.19153980792242156,"standard_error":0.0265371824057512},"Slope":{"confidence_interval":{"confidence_level":0.95,"lower_bound":25.114322188281765,"upper_bound":25.184937495490086},"point_estimate":25.148531054159108,"standard_error":0.01816936555811701},"StdDev":{"confidence_interval":{"confidence_level":0.95,"lower_bound":0.22054483951242027,"upper_bound":0.48603033114975597},"point_estimate":0.3581032469076483,"standard_error":0.06879623942792416}}