{"Mean":{"confidence_interval":{"confidence_level":0.95,"lower_bound":14.865214774871044,"upper_bound":15.036180425744034},"point_estimate":14.94689459228206,"standard_error":0.04368478972167462},"Median":{"confidence_interval":{"confidence_level":0.95,"lower_bound":14.703973559071809,"upper_bound":14.862309596519633},"point_estimate":14.735820941300272,"standard_error":0.03708980511327359},"MedianAbsDev":{"confidence_interval":{"confidence_level":0.95,"lower_bound":0.11612727329585468,"upper_bound":0.31686646774230187},"point_estimate":0.1633598585422945,"standard_error":0.05036156376152627},"Slope":{"confidence_interval":{"confidence_level":0.95,"lower_bound":14.803726486381025,"upper_bound":14.918612341710434},"point_estimate":14.858136966375426,"standard_error":0.029276834422600793},"StdDev":{"confidence_interval":{"confidence_level":0.95,"lower_bound":0.341043775919139,"upper_bound":0.5249149050649258},"point_estimate":0.4401206887757461,"standard_error":0.04687936625622819}}