{"Mean":{"confidence_interval":{"confidence_level":0.95,"lower_bound":5233.622860605618,"upper_bound":5539.893475353382},"point_estimate":5372.734593073221,"standard_error":78.04409288652127},"Median":{"confidence_interval":{"confidence_level":0.95,"lower_bound":5030.41668563624,"upper_bound":5324.9241831798},"point_estimate":5114.811404261663,"standard_error":91.20720251670244},"MedianAbsDev":{"confidence_interval":{"confidence_level":0.95,"lower_bound":367.4815275143875,"upper_bound":654.4746547693029},"point_estimate":475.846062035388,"standard_error":77.08740788093779},"Slope":{"confidence_interval":{"confidence_level":0.95,"lower_bound":5252.6506736348865,"upper_bound":5481.336202799488},"point_estimate":5362.5983983096285,"standard_error":58.298863356060416},"StdDev":{"confidence_interval":{"confidence_level":0.95,"lower_bound":483.07861477723316,"upper_bound":1115.8293858415575},"point_estimate":782.0679961419027,"standard_error":187.5793224095945}}