{"Mean":{"confidence_interval":{"confidence_level":0.95,"lower_bound":6588.912501118732,"upper_bound":6683.072026808363},"point_estimate":6630.4848958811,"standard_error":24.271194484488507},"Median":{"confidence_interval":{"confidence_level":0.95,"lower_bound":6549.492825607064,"upper_bound":6598.182032066922},"point_estimate":6578.685674168022,"standard_error":12.049774617347136},"MedianAbsDev":{"confidence_interval":{"confidence_level":0.95,"lower_bound":71.95425612478554,"upper_bound":122.25799211425468},"point_estimate":97.11971569542206,"standard_error":12.562106690076062},"Slope":{"confidence_interval":{"confidence_level":0.95,"lower_bound":6634.336634414949,"upper_bound":6817.954893829932},"point_estimate":6710.975399626352,"standard_error":48.31777144556702},"StdDev":{"confidence_interval":{"confidence_level":0.95,"lower_bound":117.80965215339751,"upper_bound":364.44254197558894},"point_estimate":244.1787022165725,"standard_error":67.48182257534476}}