{"Mean":{"confidence_interval":{"confidence_level":0.95,"lower_bound":13.598808167633058,"upper_bound":13.667517962107068},"point_estimate":13.632196251400527,"standard_error":0.01755790481339078},"Median":{"confidence_interval":{"confidence_level":0.95,"lower_bound":13.552309494201742,"upper_bound":13.59442509677688},"point_estimate":13.569639039220576,"standard_error":0.01019155810504091},"MedianAbsDev":{"confidence_interval":{"confidence_level":0.95,"lower_bound":0.08200747661177997,"upper_bound":0.17990009964646309},"point_estimate":0.12551309818125128,"standard_error":0.02492649714744263},"Slope":{"confidence_interval":{"confidence_level":0.95,"lower_bound":13.614329827979224,"upper_bound":13.69560289178804},"point_estimate":13.6538738844678,"standard_error":0.020742146442383192},"StdDev":{"confidence_interval":{"confidence_level":0.95,"lower_bound":0.14427550591758773,"upper_bound":0.20385168803336165},"point_estimate":0.1757829565843652,"standard_error":0.015174459126504366}}