{"Mean":{"confidence_interval":{"confidence_level":0.95,"lower_bound":10.009862339217094,"upper_bound":10.022610252812113},"point_estimate":10.015636749319208,"standard_error":0.0032618033033780702},"Median":{"confidence_interval":{"confidence_level":0.95,"lower_bound":10.008367030253355,"upper_bound":10.011709991031676},"point_estimate":10.009360339464488,"standard_error":0.0007702569009309175},"MedianAbsDev":{"confidence_interval":{"confidence_level":0.95,"lower_bound":0.004685594482846223,"upper_bound":0.010317159657944311},"point_estimate":0.006028646380909321,"standard_error":0.001404962963333558},"Slope":{"confidence_interval":{"confidence_level":0.95,"lower_bound":10.009052595346649,"upper_bound":10.015378860700116},"point_estimate":10.011994325855829,"standard_error":0.001610923386488201},"StdDev":{"confidence_interval":{"confidence_level":0.95,"lower_bound":0.015608194116487546,"upper_bound":0.04670867852519672},"point_estimate":0.032843357447553706,"standard_error":0.008049945054617291}}