{"Mean":{"confidence_interval":{"confidence_level":0.95,"lower_bound":25.032107387928065,"upper_bound":25.16555043106236},"point_estimate":25.094197593841546,"standard_error":0.034395495781975226},"Median":{"confidence_interval":{"confidence_level":0.95,"lower_bound":24.984751534907808,"upper_bound":25.059875552675713},"point_estimate":25.015633404124294,"standard_error":0.017334184745107502},"MedianAbsDev":{"confidence_interval":{"confidence_level":0.95,"lower_bound":0.11952085320356745,"upper_bound":0.22372012262871566},"point_estimate":0.16238428845877784,"standard_error":0.02810389386924514},"Slope":{"confidence_interval":{"confidence_level":0.95,"lower_bound":25.07233324777647,"upper_bound":25.25153999845268},"point_estimate":25.15094497044965,"standard_error":0.04593135696184919},"StdDev":{"confidence_interval":{"confidence_level":0.95,"lower_bound":0.20276313353908734,"upper_bound":0.46757556456420674},"point_estimate":0.3445012493705003,"standard_error":0.06847314316427236}}