{"Mean":{"confidence_interval":{"confidence_level":0.95,"lower_bound":0.02107182374244785,"upper_bound":0.024175625425588952},"point_estimate":0.022473308022648686,"standard_error":0.0008312507752670397},"Median":{"confidence_interval":{"confidence_level":0.95,"lower_bound":0.020401167674679144,"upper_bound":0.021875841872110568},"point_estimate":0.021201186365393365,"standard_error":0.0003562391235259338}}