{"Mean":{"confidence_interval":{"confidence_level":0.95,"lower_bound":56.912039987593026,"upper_bound":58.32151716025673},"point_estimate":57.5689268785239,"standard_error":0.3615588717376863},"Median":{"confidence_interval":{"confidence_level":0.95,"lower_bound":56.23111502832192,"upper_bound":56.672955424711574},"point_estimate":56.37829473311923,"standard_error":0.11461815118025079},"MedianAbsDev":{"confidence_interval":{"confidence_level":0.95,"lower_bound":0.7474932121836716,"upper_bound":1.5682852571013595},"point_estimate":1.07509469509089,"standard_error":0.21342615039898746},"Slope":{"confidence_interval":{"confidence_level":0.95,"lower_bound":57.26140394642512,"upper_bound":59.74063010476998},"point_estimate":58.409929032656116,"standard_error":0.6370830247736484},"StdDev":{"confidence_interval":{"confidence_level":0.95,"lower_bound":2.411403135580465,"upper_bound":4.624403814605119},"point_estimate":3.6356345960463163,"standard_error":0.5637121515479855}}