{"Mean":{"confidence_interval":{"confidence_level":0.95,"lower_bound":0.05195824268099679,"upper_bound":0.06266780942494539},"point_estimate":0.05674700503664831,"standard_error":0.0029024280605324266},"Median":{"confidence_interval":{"confidence_level":0.95,"lower_bound":0.0497249904567274,"upper_bound":0.05221790764998979},"point_estimate":0.050562473104964534,"standard_error":0.0006409739793331419}}