{"Mean":{"confidence_interval":{"confidence_level":0.95,"lower_bound":-0.2749114479554546,"upper_bound":-0.26574728291227734},"point_estimate":-0.27029167918606134,"standard_error":0.002337731681316697},"Median":{"confidence_interval":{"confidence_level":0.95,"lower_bound":-0.270469633853915,"upper_bound":-0.26418606811683576},"point_estimate":-0.26651512500819985,"standard_error":0.0015642192194027368}}