{"Mean":{"confidence_interval":{"confidence_level":0.95,"lower_bound":-0.2632589981112135,"upper_bound":-0.25978668557835155},"point_estimate":-0.26143421221832364,"standard_error":0.0008883391342601246},"Median":{"confidence_interval":{"confidence_level":0.95,"lower_bound":-0.26001937071077375,"upper_bound":-0.25760026904537325},"point_estimate":-0.25830274479182436,"standard_error":0.0006575188802517807}}