{"Mean":{"confidence_interval":{"confidence_level":0.95,"lower_bound":0.019509985627869663,"upper_bound":0.029118767353356743},"point_estimate":0.02398888089642459,"standard_error":0.0024955215500183175},"Median":{"confidence_interval":{"confidence_level":0.95,"lower_bound":0.01626984888517069,"upper_bound":0.02089116388522294},"point_estimate":0.018387334701129854,"standard_error":0.0012615100276105952}}