{"Mean":{"confidence_interval":{"confidence_level":0.95,"lower_bound":0.011335563612182648,"upper_bound":0.028879753882199318},"point_estimate":0.019307798511083663,"standard_error":0.004386348818232722},"Median":{"confidence_interval":{"confidence_level":0.95,"lower_bound":0.004992531636252462,"upper_bound":0.008422622917576117},"point_estimate":0.006857248861713572,"standard_error":0.0008785773415625307}}