{"Mean":{"confidence_interval":{"confidence_level":0.95,"lower_bound":5175.1500486016575,"upper_bound":5392.84480259633},"point_estimate":5275.284513267177,"standard_error":55.839427866951894},"Median":{"confidence_interval":{"confidence_level":0.95,"lower_bound":5076.94081107463,"upper_bound":5212.352787188173},"point_estimate":5128.265944788196,"standard_error":38.95690530076524},"MedianAbsDev":{"confidence_interval":{"confidence_level":0.95,"lower_bound":277.5788316852691,"upper_bound":458.7615437238026},"point_estimate":366.4476964225793,"standard_error":47.243980183610226},"Slope":{"confidence_interval":{"confidence_level":0.95,"lower_bound":5181.908603756987,"upper_bound":5329.648300755265},"point_estimate":5254.210435830799,"standard_error":37.56884077018284},"StdDev":{"confidence_interval":{"confidence_level":0.95,"lower_bound":347.8578736090795,"upper_bound":785.1232604031743},"point_estimate":561.766528073351,"standard_error":119.95605038015101}}