{"Mean":{"confidence_interval":{"confidence_level":0.95,"lower_bound":13.282840868799882,"upper_bound":13.412446547658892},"point_estimate":13.34017744520239,"standard_error":0.033362185282234044},"Median":{"confidence_interval":{"confidence_level":0.95,"lower_bound":13.224630409752837,"upper_bound":13.238247643941818},"point_estimate":13.229779258691497,"standard_error":0.0035118203017362845},"MedianAbsDev":{"confidence_interval":{"confidence_level":0.95,"lower_bound":0.024025031069448272,"upper_bound":0.04469060589438307},"point_estimate":0.03213537814515682,"standard_error":0.0054116264499561645},"Slope":{"confidence_interval":{"confidence_level":0.95,"lower_bound":13.2575822264672,"upper_bound":13.309268740970039},"point_estimate":13.280768808995811,"standard_error":0.013201078684010081},"StdDev":{"confidence_interval":{"confidence_level":0.95,"lower_bound":0.14272108441846584,"upper_bound":0.4846628901026491},"point_estimate":0.33591194557641435,"standard_error":0.08812498401595419}}