{"Mean":{"confidence_interval":{"confidence_level":0.95,"lower_bound":-0.3328936970494929,"upper_bound":-0.3251366770461402},"point_estimate":-0.3288815970318846,"standard_error":0.0019738105175893246},"Median":{"confidence_interval":{"confidence_level":0.95,"lower_bound":-0.32524678862053713,"upper_bound":-0.31843012780067304},"point_estimate":-0.31996342789937315,"standard_error":0.0016947752432005918}}