{"Mean":{"confidence_interval":{"confidence_level":0.95,"lower_bound":-0.2552726090720132,"upper_bound":-0.25422334357518683},"point_estimate":-0.2547130498315736,"standard_error":0.00026816135389788436},"Median":{"confidence_interval":{"confidence_level":0.95,"lower_bound":-0.25445788716011863,"upper_bound":-0.25386027532464883},"point_estimate":-0.2541941862268341,"standard_error":0.0001564855944644136}}