{"Mean":{"confidence_interval":{"confidence_level":0.95,"lower_bound":26.397569480420287,"upper_bound":26.575745605906967},"point_estimate":26.488867709625506,"standard_error":0.04546593907360522},"Median":{"confidence_interval":{"confidence_level":0.95,"lower_bound":26.430532822842316,"upper_bound":26.598038133769162},"point_estimate":26.517209340419335,"standard_error":0.04551608568851638},"MedianAbsDev":{"confidence_interval":{"confidence_level":0.95,"lower_bound":0.268695697177612,"upper_bound":0.43272874914605786},"point_estimate":0.3633917341278461,"standard_error":0.04339965132390655},"Slope":{"confidence_interval":{"confidence_level":0.95,"lower_bound":26.478209291324706,"upper_bound":26.597705053840038},"point_estimate":26.537412321233536,"standard_error":0.03041273578060211},"StdDev":{"confidence_interval":{"confidence_level":0.95,"lower_bound":0.33532701782389707,"upper_bound":0.573497692161996},"point_estimate":0.4573761093312797,"standard_error":0.06090559447567517}}