{"Mean":{"confidence_interval":{"confidence_level":0.95,"lower_bound":13.226656359390613,"upper_bound":13.285028926889959},"point_estimate":13.24898071093562,"standard_error":0.015689088404643423},"Median":{"confidence_interval":{"confidence_level":0.95,"lower_bound":13.210094296115688,"upper_bound":13.217251897013481},"point_estimate":13.21246175795432,"standard_error":0.002180973051288208},"MedianAbsDev":{"confidence_interval":{"confidence_level":0.95,"lower_bound":0.007228700189012801,"upper_bound":0.016953535174551775},"point_estimate":0.009584081089185322,"standard_error":0.0028299516076864925},"Slope":{"confidence_interval":{"confidence_level":0.95,"lower_bound":13.230803631739013,"upper_bound":13.360747698705097},"point_estimate":13.279383724403937,"standard_error":0.03541359747116876},"StdDev":{"confidence_interval":{"confidence_level":0.95,"lower_bound":0.03621497381024077,"upper_bound":0.2611045986470257},"point_estimate":0.15726341665422683,"standard_error":0.07365790872717577}}