{"Mean":{"confidence_interval":{"confidence_level":0.95,"lower_bound":10.005165605206475,"upper_bound":10.008562939765639},"point_estimate":10.006811165205397,"standard_error":0.0008681839095118277},"Median":{"confidence_interval":{"confidence_level":0.95,"lower_bound":10.004558363667194,"upper_bound":10.006470478174684},"point_estimate":10.00534717921748,"standard_error":0.000521626669123522},"MedianAbsDev":{"confidence_interval":{"confidence_level":0.95,"lower_bound":0.0027016146561568027,"upper_bound":0.00475075953787448},"point_estimate":0.003878240084435359,"standard_error":0.0005076342038577116},"Slope":{"confidence_interval":{"confidence_level":0.95,"lower_bound":10.003807215640352,"upper_bound":10.008202755179667},"point_estimate":10.006007778262607,"standard_error":0.0011176922743646569},"StdDev":{"confidence_interval":{"confidence_level":0.95,"lower_bound":0.005966449251313601,"upper_bound":0.01112635581994194},"point_estimate":0.008721692400892059,"standard_error":0.001319818792930643}}