{"Mean":{"confidence_interval":{"confidence_level":0.95,"lower_bound":0.016799245818142922,"upper_bound":0.027240140673361682},"point_estimate":0.022397476114284443,"standard_error":0.0026379753704976546},"Median":{"confidence_interval":{"confidence_level":0.95,"lower_bound":0.020505828806472743,"upper_bound":0.022926351452122518},"point_estimate":0.02170162902396955,"standard_error":0.0006743969337840924}}