{"Mean":{"confidence_interval":{"confidence_level":0.95,"lower_bound":10.000318986073003,"upper_bound":10.009064195844017},"point_estimate":10.004055335635382,"standard_error":0.002250871252422662},"Median":{"confidence_interval":{"confidence_level":0.95,"lower_bound":10.00141207882709,"upper_bound":10.00464219388824},"point_estimate":10.002992682386557,"standard_error":0.0007066514470969727},"MedianAbsDev":{"confidence_interval":{"confidence_level":0.95,"lower_bound":0.0040786673992855085,"upper_bound":0.008821713913104151},"point_estimate":0.006148392752852981,"standard_error":0.001256099916963314},"Slope":{"confidence_interval":{"confidence_level":0.95,"lower_bound":9.999101051185406,"upper_bound":10.01532590216255},"point_estimate":10.006173298672396,"standard_error":0.004141046742285883},"StdDev":{"confidence_interval":{"confidence_level":0.95,"lower_bound":0.008859757149793729,"upper_bound":0.03598222950230384},"point_estimate":0.022561288522566603,"standard_error":0.008260384517723894}}