{"Mean":{"confidence_interval":{"confidence_level":0.95,"lower_bound":25.03429655689634,"upper_bound":25.141286306770233},"point_estimate":25.08601099839987,"standard_error":0.027305207188414476},"Median":{"confidence_interval":{"confidence_level":0.95,"lower_bound":24.98805026185796,"upper_bound":25.05770516134686},"point_estimate":25.02199489120117,"standard_error":0.018461487392294886},"MedianAbsDev":{"confidence_interval":{"confidence_level":0.95,"lower_bound":0.134465124918073,"upper_bound":0.24777542101481786},"point_estimate":0.19094793369176558,"standard_error":0.029370624549696352},"Slope":{"confidence_interval":{"confidence_level":0.95,"lower_bound":25.05269417098503,"upper_bound":25.179850646871135},"point_estimate":25.112984850730747,"standard_error":0.03247269397624604},"StdDev":{"confidence_interval":{"confidence_level":0.95,"lower_bound":0.2088212162680079,"upper_bound":0.33530317435631074},"point_estimate":0.27450114035299483,"standard_error":0.03232599751003963}}