{"Mean":{"confidence_interval":{"confidence_level":0.95,"lower_bound":33.04653808581238,"upper_bound":33.297209412598306},"point_estimate":33.163734772456245,"standard_error":0.06402098772836462},"Median":{"confidence_interval":{"confidence_level":0.95,"lower_bound":32.879735805138566,"upper_bound":32.93168718054253},"point_estimate":32.89951816152124,"standard_error":0.013568813235521266},"MedianAbsDev":{"confidence_interval":{"confidence_level":0.95,"lower_bound":0.04945471652154326,"upper_bound":0.12364364357380109},"point_estimate":0.09007798284806119,"standard_error":0.02054320212673191},"Slope":{"confidence_interval":{"confidence_level":0.95,"lower_bound":33.00978042779079,"upper_bound":33.38508073486199},"point_estimate":33.181471486744755,"standard_error":0.09626656986510647},"StdDev":{"confidence_interval":{"confidence_level":0.95,"lower_bound":0.41488826014722896,"upper_bound":0.8189723682508826},"point_estimate":0.6404219509486035,"standard_error":0.10274077639777664}}