{"Mean":{"confidence_interval":{"confidence_level":0.95,"lower_bound":25.251670718429903,"upper_bound":25.40164700120225},"point_estimate":25.32341189004135,"standard_error":0.038251041782386544},"Median":{"confidence_interval":{"confidence_level":0.95,"lower_bound":25.190321454428904,"upper_bound":25.294300603461075},"point_estimate":25.227837669633395,"standard_error":0.02447639072160687},"MedianAbsDev":{"confidence_interval":{"confidence_level":0.95,"lower_bound":0.16519208379252703,"upper_bound":0.35222280834271674},"point_estimate":0.2623661384383703,"standard_error":0.04286876465955321},"Slope":{"confidence_interval":{"confidence_level":0.95,"lower_bound":25.227285691241114,"upper_bound":25.375107173294694},"point_estimate":25.298812036473347,"standard_error":0.037643881783323924},"StdDev":{"confidence_interval":{"confidence_level":0.95,"lower_bound":0.2894694807563424,"upper_bound":0.46944599706859513},"point_estimate":0.3834657907772981,"standard_error":0.046106470359404975}}