{"Mean":{"confidence_interval":{"confidence_level":0.95,"lower_bound":10.043819521144922,"upper_bound":10.050254968986959},"point_estimate":10.046919741467072,"standard_error":0.001647233262079145},"Median":{"confidence_interval":{"confidence_level":0.95,"lower_bound":10.039849523235619,"upper_bound":10.048187666237338},"point_estimate":10.04452945552175,"standard_error":0.0020431151303880973},"MedianAbsDev":{"confidence_interval":{"confidence_level":0.95,"lower_bound":0.009766815384092733,"upper_bound":0.015511235185175292},"point_estimate":0.013118678028066847,"standard_error":0.001434320392762605},"Slope":{"confidence_interval":{"confidence_level":0.95,"lower_bound":10.04415159027115,"upper_bound":10.050587584495185},"point_estimate":10.047296787510614,"standard_error":0.0016350654837225165},"StdDev":{"confidence_interval":{"confidence_level":0.95,"lower_bound":0.012286161493184787,"upper_bound":0.02065106572322925},"point_estimate":0.016577624382365746,"standard_error":0.002147797902750822}}