{"Mean":{"confidence_interval":{"confidence_level":0.95,"lower_bound":13.617593231292078,"upper_bound":13.725495712913496},"point_estimate":13.669978529316412,"standard_error":0.027524603394155907},"Median":{"confidence_interval":{"confidence_level":0.95,"lower_bound":13.50176445241397,"upper_bound":13.659931052759053},"point_estimate":13.551476079845143,"standard_error":0.03864397936960235},"MedianAbsDev":{"confidence_interval":{"confidence_level":0.95,"lower_bound":0.11753793569789127,"upper_bound":0.29261245938160735},"point_estimate":0.1807699120379078,"standard_error":0.043903461658336064},"Slope":{"confidence_interval":{"confidence_level":0.95,"lower_bound":13.540372694232937,"upper_bound":13.671645110133765},"point_estimate":13.5979518456325,"standard_error":0.033608849687527066},"StdDev":{"confidence_interval":{"confidence_level":0.95,"lower_bound":0.2276826736199471,"upper_bound":0.31748186588152355},"point_estimate":0.27661264742116776,"standard_error":0.022980834905400635}}