{"Mean":{"confidence_interval":{"confidence_level":0.95,"lower_bound":13.238869072708967,"upper_bound":13.259760662048157},"point_estimate":13.248721096141262,"standard_error":0.005330116081544259},"Median":{"confidence_interval":{"confidence_level":0.95,"lower_bound":13.22288056138689,"upper_bound":13.22952617979815},"point_estimate":13.224654986954032,"standard_error":0.0016861069834430676},"MedianAbsDev":{"confidence_interval":{"confidence_level":0.95,"lower_bound":0.008590992411419444,"upper_bound":0.021379349012698255},"point_estimate":0.014481606581108811,"standard_error":0.0035127774853029353},"Slope":{"confidence_interval":{"confidence_level":0.95,"lower_bound":13.235485325663594,"upper_bound":13.249609046507512},"point_estimate":13.242248291858958,"standard_error":0.003604254278207362},"StdDev":{"confidence_interval":{"confidence_level":0.95,"lower_bound":0.03748145644432631,"upper_bound":0.06763444532361955},"point_estimate":0.05368390290428607,"standard_error":0.007690160517928446}}