{"Mean":{"confidence_interval":{"confidence_level":0.95,"lower_bound":13.475395557099866,"upper_bound":13.526965717387377},"point_estimate":13.499026783010535,"standard_error":0.013189480252359718},"Median":{"confidence_interval":{"confidence_level":0.95,"lower_bound":13.448919833115674,"upper_bound":13.477357116142787},"point_estimate":13.462502890841812,"standard_error":0.007181867205208675},"MedianAbsDev":{"confidence_interval":{"confidence_level":0.95,"lower_bound":0.0421064096906011,"upper_bound":0.07033087154753548},"point_estimate":0.052695504664644094,"standard_error":0.007292272482008038},"Slope":{"confidence_interval":{"confidence_level":0.95,"lower_bound":13.47672438938275,"upper_bound":13.527836597853522},"point_estimate":13.499311693145065,"standard_error":0.013099036612022347},"StdDev":{"confidence_interval":{"confidence_level":0.95,"lower_bound":0.07876129875839268,"upper_bound":0.17784062843066445},"point_estimate":0.13254701175530606,"standard_error":0.025330502902741175}}