{"Mean":{"confidence_interval":{"confidence_level":0.95,"lower_bound":25.057089782562638,"upper_bound":25.141377262300672},"point_estimate":25.09842691424259,"standard_error":0.021507574456412864},"Median":{"confidence_interval":{"confidence_level":0.95,"lower_bound":25.041266486734227,"upper_bound":25.111398863048542},"point_estimate":25.08512922420724,"standard_error":0.017574009159296574},"MedianAbsDev":{"confidence_interval":{"confidence_level":0.95,"lower_bound":0.1258320941702866,"upper_bound":0.1958366488839327},"point_estimate":0.1663008868505194,"standard_error":0.01927054274681469},"Slope":{"confidence_interval":{"confidence_level":0.95,"lower_bound":25.097776717802322,"upper_bound":25.224502888601478},"point_estimate":25.158762958288474,"standard_error":0.03241718717870667},"StdDev":{"confidence_interval":{"confidence_level":0.95,"lower_bound":0.17237307525773302,"upper_bound":0.2562373848498671},"point_estimate":0.21639018307820476,"standard_error":0.021440807306042888}}