{"Mean":{"confidence_interval":{"confidence_level":0.95,"lower_bound":13.458596712533375,"upper_bound":13.558417327454281},"point_estimate":13.50012186903044,"standard_error":0.025937423223256283},"Median":{"confidence_interval":{"confidence_level":0.95,"lower_bound":13.426945189084794,"upper_bound":13.441602452224608},"point_estimate":13.432580304128104,"standard_error":0.0037106526267180954},"MedianAbsDev":{"confidence_interval":{"confidence_level":0.95,"lower_bound":0.015882319995722833,"upper_bound":0.034847431781823604},"point_estimate":0.0237188755945269,"standard_error":0.004819417246693848},"Slope":{"confidence_interval":{"confidence_level":0.95,"lower_bound":13.440960237140525,"upper_bound":13.477417945914397},"point_estimate":13.457381249216878,"standard_error":0.009354175464328256},"StdDev":{"confidence_interval":{"confidence_level":0.95,"lower_bound":0.08463067894839063,"upper_bound":0.4113956359290815},"point_estimate":0.25986093146907513,"standard_error":0.0934217690294448}}