{"Mean":{"confidence_interval":{"confidence_level":0.95,"lower_bound":0.052698278381547795,"upper_bound":0.06994093368820946},"point_estimate":0.060648387935843484,"standard_error":0.004366858906075585},"Median":{"confidence_interval":{"confidence_level":0.95,"lower_bound":0.0488687821449707,"upper_bound":0.05249716240295865},"point_estimate":0.050998769193051796,"standard_error":0.0009411392697651633}}