{"Mean":{"confidence_interval":{"confidence_level":0.95,"lower_bound":0.28285167588055954,"upper_bound":0.3034401191752542},"point_estimate":0.29312182362175365,"standard_error":0.005222314428687895},"Median":{"confidence_interval":{"confidence_level":0.95,"lower_bound":0.29267339724523667,"upper_bound":0.29701727037670733},"point_estimate":0.29501801573529174,"standard_error":0.0011841249283869862}}