{"Mean":{"confidence_interval":{"confidence_level":0.95,"lower_bound":25.328901787239396,"upper_bound":25.457249089093523},"point_estimate":25.389026663871277,"standard_error":0.032806046160794126},"Median":{"confidence_interval":{"confidence_level":0.95,"lower_bound":25.24962103120702,"upper_bound":25.358779186717513},"point_estimate":25.302256711767154,"standard_error":0.02689241216781938},"MedianAbsDev":{"confidence_interval":{"confidence_level":0.95,"lower_bound":0.14408374511354172,"upper_bound":0.2556268983907821},"point_estimate":0.19921053640674533,"standard_error":0.028234275832992574},"Slope":{"confidence_interval":{"confidence_level":0.95,"lower_bound":25.376881069869906,"upper_bound":25.604551915575964},"point_estimate":25.47848660727256,"standard_error":0.058487984020328614},"StdDev":{"confidence_interval":{"confidence_level":0.95,"lower_bound":0.2255332894263422,"upper_bound":0.4357821388401185},"point_estimate":0.33004852533101736,"standard_error":0.055023215087865104}}