{"Mean":{"confidence_interval":{"confidence_level":0.95,"lower_bound":13.421986024502209,"upper_bound":13.431814173928398},"point_estimate":13.426641158364912,"standard_error":0.0025075996466696966},"Median":{"confidence_interval":{"confidence_level":0.95,"lower_bound":13.415539275056197,"upper_bound":13.421228974498101},"point_estimate":13.419205349610353,"standard_error":0.0014841361096123362},"MedianAbsDev":{"confidence_interval":{"confidence_level":0.95,"lower_bound":0.008776018750991073,"upper_bound":0.015963627379300155},"point_estimate":0.012597401967635473,"standard_error":0.001731078749349983},"Slope":{"confidence_interval":{"confidence_level":0.95,"lower_bound":13.42108815913143,"upper_bound":13.429026846860225},"point_estimate":13.424776247293748,"standard_error":0.0020278035815451886},"StdDev":{"confidence_interval":{"confidence_level":0.95,"lower_bound":0.018277095123201484,"upper_bound":0.031228381802912795},"point_estimate":0.025207364614689004,"standard_error":0.0033183722196609747}}