{"Mean":{"confidence_interval":{"confidence_level":0.95,"lower_bound":3360.5413129338253,"upper_bound":3696.401477228052},"point_estimate":3490.4760167274744,"standard_error":89.61114556069911},"Median":{"confidence_interval":{"confidence_level":0.95,"lower_bound":3309.6357347817175,"upper_bound":3425.068068690891},"point_estimate":3348.9943712338218,"standard_error":27.77981919721097},"MedianAbsDev":{"confidence_interval":{"confidence_level":0.95,"lower_bound":175.62743873280812,"upper_bound":296.22323226425556},"point_estimate":217.4351310162566,"standard_error":31.424065967482093},"Slope":{"confidence_interval":{"confidence_level":0.95,"lower_bound":3348.683558381124,"upper_bound":3440.7704485404947},"point_estimate":3393.9479503369757,"standard_error":23.476057706084923},"StdDev":{"confidence_interval":{"confidence_level":0.95,"lower_bound":224.24975165280807,"upper_bound":1487.804414844901},"point_estimate":900.1440579911894,"standard_error":406.44174751295685}}