{"Mean":{"confidence_interval":{"confidence_level":0.95,"lower_bound":33.279530505157425,"upper_bound":33.34175660880773},"point_estimate":33.30597511030012,"standard_error":0.016061953036512575},"Median":{"confidence_interval":{"confidence_level":0.95,"lower_bound":33.25779356382377,"upper_bound":33.27392182231632},"point_estimate":33.26098735231092,"standard_error":0.00428197702935431},"MedianAbsDev":{"confidence_interval":{"confidence_level":0.95,"lower_bound":0.028328466715690587,"upper_bound":0.05770212761543306},"point_estimate":0.04043711498656918,"standard_error":0.007400740378806587},"Slope":{"confidence_interval":{"confidence_level":0.95,"lower_bound":33.27390260938708,"upper_bound":33.37656417654974},"point_estimate":33.31473267587839,"standard_error":0.026957657575773016},"StdDev":{"confidence_interval":{"confidence_level":0.95,"lower_bound":0.06849746936018922,"upper_bound":0.2508890501924768},"point_estimate":0.16217123134708844,"standard_error":0.05389080777850609}}