{"Mean":{"confidence_interval":{"confidence_level":0.95,"lower_bound":33.96792627520912,"upper_bound":34.26320341878},"point_estimate":34.10494818036039,"standard_error":0.0754060720260093},"Median":{"confidence_interval":{"confidence_level":0.95,"lower_bound":33.79676515333494,"upper_bound":33.9477789434294},"point_estimate":33.872568259247906,"standard_error":0.041844235818434015},"MedianAbsDev":{"confidence_interval":{"confidence_level":0.95,"lower_bound":0.21728233891540077,"upper_bound":0.3939608642346122},"point_estimate":0.31226263251121866,"standard_error":0.04434581049665417},"Slope":{"confidence_interval":{"confidence_level":0.95,"lower_bound":33.92619894013231,"upper_bound":34.25267953106683},"point_estimate":34.07284270831769,"standard_error":0.08366345212866276},"StdDev":{"confidence_interval":{"confidence_level":0.95,"lower_bound":0.4567331718425287,"upper_bound":1.002938345221265},"point_estimate":0.7588338508382708,"standard_error":0.1390723443058421}}