{"Mean":{"confidence_interval":{"confidence_level":0.95,"lower_bound":43.54093113431649,"upper_bound":43.83314279749925},"point_estimate":43.68924261440263,"standard_error":0.07456727396178489},"Median":{"confidence_interval":{"confidence_level":0.95,"lower_bound":43.61917488948928,"upper_bound":44.00389233226317},"point_estimate":43.827438022643804,"standard_error":0.09442913253011471},"MedianAbsDev":{"confidence_interval":{"confidence_level":0.95,"lower_bound":0.5251560432137415,"upper_bound":0.8920962491178186},"point_estimate":0.6994173338441868,"standard_error":0.0890857408374881},"Slope":{"confidence_interval":{"confidence_level":0.95,"lower_bound":43.98459148863136,"upper_bound":44.17750444258069},"point_estimate":44.079587716770014,"standard_error":0.04928196763098306},"StdDev":{"confidence_interval":{"confidence_level":0.95,"lower_bound":0.6475271148937229,"upper_bound":0.8440942469575169},"point_estimate":0.7514399270831907,"standard_error":0.05004071511473466}}