{"Mean":{"confidence_interval":{"confidence_level":0.95,"lower_bound":0.028532494289628917,"upper_bound":0.0401422724357101},"point_estimate":0.03388179674457281,"standard_error":0.0029858451781956796},"Median":{"confidence_interval":{"confidence_level":0.95,"lower_bound":0.027554446190906967,"upper_bound":0.03170442078018909},"point_estimate":0.030566750766144457,"standard_error":0.0010754614569640063}}