{"Mean":{"confidence_interval":{"confidence_level":0.95,"lower_bound":13.21856887327235,"upper_bound":13.309617969342195},"point_estimate":13.250718104081558,"standard_error":0.02739076325463915},"Median":{"confidence_interval":{"confidence_level":0.95,"lower_bound":13.20803022001274,"upper_bound":13.212213429953628},"point_estimate":13.210379996580883,"standard_error":0.0011275838814518051},"MedianAbsDev":{"confidence_interval":{"confidence_level":0.95,"lower_bound":0.0041491847732446395,"upper_bound":0.00954925836932535},"point_estimate":0.006971450133696328,"standard_error":0.001428009358899886},"Slope":{"confidence_interval":{"confidence_level":0.95,"lower_bound":13.217973682693584,"upper_bound":13.232198352793867},"point_estimate":13.224027534426193,"standard_error":0.003647496687632214},"StdDev":{"confidence_interval":{"confidence_level":0.95,"lower_bound":0.025559922248160016,"upper_bound":0.4700600936792061},"point_estimate":0.2753184348245093,"standard_error":0.15762206277972884}}