{"Mean":{"confidence_interval":{"confidence_level":0.95,"lower_bound":25.10820669229523,"upper_bound":25.247774548119693},"point_estimate":25.174167465411905,"standard_error":0.03568372726662897},"Median":{"confidence_interval":{"confidence_level":0.95,"lower_bound":25.048097087482944,"upper_bound":25.13167638514419},"point_estimate":25.07299187575275,"standard_error":0.023762629294882754},"MedianAbsDev":{"confidence_interval":{"confidence_level":0.95,"lower_bound":0.1395286756505746,"upper_bound":0.23140487330311546},"point_estimate":0.17820029078015495,"standard_error":0.02357719834391034},"Slope":{"confidence_interval":{"confidence_level":0.95,"lower_bound":25.071683230859502,"upper_bound":25.137296529241095},"point_estimate":25.10275461824043,"standard_error":0.016761878557436362},"StdDev":{"confidence_interval":{"confidence_level":0.95,"lower_bound":0.24314678115451452,"upper_bound":0.4617264897303303},"point_estimate":0.3567164504873816,"standard_error":0.05619528595334494}}