{"Mean":{"confidence_interval":{"confidence_level":0.95,"lower_bound":-0.2672608243209144,"upper_bound":-0.26344871357880617},"point_estimate":-0.26529543995596205,"standard_error":0.0009711374826158704},"Median":{"confidence_interval":{"confidence_level":0.95,"lower_bound":-0.26370808386563716,"upper_bound":-0.2614205909488204},"point_estimate":-0.2623709215452047,"standard_error":0.000553975216847778}}