{"Mean":{"confidence_interval":{"confidence_level":0.95,"lower_bound":25.270730566856628,"upper_bound":25.707363655911436},"point_estimate":25.46813834746424,"standard_error":0.1118465644380868},"Median":{"confidence_interval":{"confidence_level":0.95,"lower_bound":25.116083359642875,"upper_bound":25.199750758833645},"point_estimate":25.155129003460203,"standard_error":0.02004639423455714},"MedianAbsDev":{"confidence_interval":{"confidence_level":0.95,"lower_bound":0.1983154051318089,"upper_bound":0.4303697297670926},"point_estimate":0.34447705246354826,"standard_error":0.05910433756084849},"Slope":{"confidence_interval":{"confidence_level":0.95,"lower_bound":25.197053459169254,"upper_bound":25.479646352097426},"point_estimate":25.33078574057039,"standard_error":0.07241428099846257},"StdDev":{"confidence_interval":{"confidence_level":0.95,"lower_bound":0.6067405704664711,"upper_bound":1.5495715622137054},"point_estimate":1.1273387220660052,"standard_error":0.23920575045697065}}