{"Mean":{"confidence_interval":{"confidence_level":0.95,"lower_bound":13.491088347645752,"upper_bound":13.566245770446567},"point_estimate":13.520247902824346,"standard_error":0.020083116965454503},"Median":{"confidence_interval":{"confidence_level":0.95,"lower_bound":13.477540345373917,"upper_bound":13.492225170223287},"point_estimate":13.48286329302628,"standard_error":0.004082454203210348},"MedianAbsDev":{"confidence_interval":{"confidence_level":0.95,"lower_bound":0.02031325125623055,"upper_bound":0.03933305255904519},"point_estimate":0.028738698094716828,"standard_error":0.004985097940147046},"Slope":{"confidence_interval":{"confidence_level":0.95,"lower_bound":13.488039957896438,"upper_bound":13.530933149522987},"point_estimate":13.50611232408601,"standard_error":0.011035662694909899},"StdDev":{"confidence_interval":{"confidence_level":0.95,"lower_bound":0.04910317189035871,"upper_bound":0.3345515985980893},"point_estimate":0.20247651545399892,"standard_error":0.09230891206336027}}