{"Mean":{"confidence_interval":{"confidence_level":0.95,"lower_bound":13.21683894123166,"upper_bound":13.227546695545588},"point_estimate":13.221497462437853,"standard_error":0.0027432502720105686},"Median":{"confidence_interval":{"confidence_level":0.95,"lower_bound":13.208453788698709,"upper_bound":13.219658666062776},"point_estimate":13.21251130664486,"standard_error":0.0024986227800524656},"MedianAbsDev":{"confidence_interval":{"confidence_level":0.95,"lower_bound":0.004808348466899114,"upper_bound":0.01781498402031644},"point_estimate":0.010591101263603495,"standard_error":0.0030493580291586996},"Slope":{"confidence_interval":{"confidence_level":0.95,"lower_bound":13.218193003480588,"upper_bound":13.227933645344612},"point_estimate":13.222797033953151,"standard_error":0.0024972592860845982},"StdDev":{"confidence_interval":{"confidence_level":0.95,"lower_bound":0.014321648969300837,"upper_bound":0.04160782786376219},"point_estimate":0.027610973179972683,"standard_error":0.008381434070290019}}