{"Mean":{"confidence_interval":{"confidence_level":0.95,"lower_bound":13.493619006969794,"upper_bound":13.53701293150929},"point_estimate":13.512371516316009,"standard_error":0.011216058148897026},"Median":{"confidence_interval":{"confidence_level":0.95,"lower_bound":13.477859827586993,"upper_bound":13.50458088072638},"point_estimate":13.489664304783497,"standard_error":0.006509344013224304},"MedianAbsDev":{"confidence_interval":{"confidence_level":0.95,"lower_bound":0.038962867087985326,"upper_bound":0.06202653193619783},"point_estimate":0.05111286960511496,"standard_error":0.0056213210444882025},"Slope":{"confidence_interval":{"confidence_level":0.95,"lower_bound":13.495970737196478,"upper_bound":13.557816920442082},"point_estimate":13.51931457145757,"standard_error":0.016761396864007534},"StdDev":{"confidence_interval":{"confidence_level":0.95,"lower_bound":0.04181865585778943,"upper_bound":0.17086324208713696},"point_estimate":0.11243731617311287,"standard_error":0.03517279271299446}}