{"Mean":{"confidence_interval":{"confidence_level":0.95,"lower_bound":25.353130549365506,"upper_bound":25.511858136013394},"point_estimate":25.429270028512086,"standard_error":0.04060616132569665},"Median":{"confidence_interval":{"confidence_level":0.95,"lower_bound":25.300875246622414,"upper_bound":25.39104002968384},"point_estimate":25.329130318944046,"standard_error":0.020849774363242},"MedianAbsDev":{"confidence_interval":{"confidence_level":0.95,"lower_bound":0.166505499278085,"upper_bound":0.28668896761818546},"point_estimate":0.2303358748878929,"standard_error":0.03252537359394052},"Slope":{"confidence_interval":{"confidence_level":0.95,"lower_bound":25.39526039304868,"upper_bound":25.64045836417681},"point_estimate":25.509331974851392,"standard_error":0.0627134890707733},"StdDev":{"confidence_interval":{"confidence_level":0.95,"lower_bound":0.3081568912715259,"upper_bound":0.4954929693337807},"point_estimate":0.4086871792774426,"standard_error":0.04758777591399467}}