{"Mean":{"confidence_interval":{"confidence_level":0.95,"lower_bound":-0.2703001887474394,"upper_bound":-0.2644520547673135},"point_estimate":-0.2672937168266183,"standard_error":0.001495684829750937},"Median":{"confidence_interval":{"confidence_level":0.95,"lower_bound":-0.26726974666192094,"upper_bound":-0.25871418660701506},"point_estimate":-0.26142426218322656,"standard_error":0.00210005511292317}}