{"Mean":{"confidence_interval":{"confidence_level":0.95,"lower_bound":13.684261865616195,"upper_bound":13.800730833060054},"point_estimate":13.740161449302716,"standard_error":0.02975316659593758},"Median":{"confidence_interval":{"confidence_level":0.95,"lower_bound":13.586797299725283,"upper_bound":13.743387032197058},"point_estimate":13.626102804004448,"standard_error":0.04717938764525254},"MedianAbsDev":{"confidence_interval":{"confidence_level":0.95,"lower_bound":0.16227658672552397,"upper_bound":0.2847454427690332},"point_estimate":0.22163186430930493,"standard_error":0.0298097643322348},"Slope":{"confidence_interval":{"confidence_level":0.95,"lower_bound":13.75431281930367,"upper_bound":13.891654363841148},"point_estimate":13.820783437543486,"standard_error":0.035125229361055506},"StdDev":{"confidence_interval":{"confidence_level":0.95,"lower_bound":0.2218692515990874,"upper_bound":0.3689174778919159},"point_estimate":0.2974575394087734,"standard_error":0.037826051887903334}}