{"Mean":{"confidence_interval":{"confidence_level":0.95,"lower_bound":5018.711808826725,"upper_bound":5500.507939869012},"point_estimate":5202.3028125985375,"standard_error":130.729299620179},"Median":{"confidence_interval":{"confidence_level":0.95,"lower_bound":4895.388086928934,"upper_bound":5053.835868267659},"point_estimate":4975.4692240754175,"standard_error":40.73640876025292},"MedianAbsDev":{"confidence_interval":{"confidence_level":0.95,"lower_bound":217.40723968325523,"upper_bound":393.6365806455261},"point_estimate":315.4948771415256,"standard_error":47.54543702816452},"Slope":{"confidence_interval":{"confidence_level":0.95,"lower_bound":4977.690540113663,"upper_bound":5113.174355727124},"point_estimate":5043.186895436873,"standard_error":34.541691438197425},"StdDev":{"confidence_interval":{"confidence_level":0.95,"lower_bound":317.97804884176196,"upper_bound":2190.5957433162894},"point_estimate":1315.1171918536947,"standard_error":628.2683651107955}}