{"Mean":{"confidence_interval":{"confidence_level":0.95,"lower_bound":0.045134118323047874,"upper_bound":0.054180542234665285},"point_estimate":0.04884952303376067,"standard_error":0.0022939641389405816},"Median":{"confidence_interval":{"confidence_level":0.95,"lower_bound":0.04548984946518253,"upper_bound":0.047666082277814326},"point_estimate":0.04656553892275128,"standard_error":0.0005245258957156601}}