{"Mean":{"confidence_interval":{"confidence_level":0.95,"lower_bound":-0.25681901579011196,"upper_bound":-0.2542359019813385},"point_estimate":-0.2552222913984694,"standard_error":0.0007065050369127991},"Median":{"confidence_interval":{"confidence_level":0.95,"lower_bound":-0.2547106998445863,"upper_bound":-0.2539548079139289},"point_estimate":-0.25421742344622755,"standard_error":0.00020374975265678027}}