{"Mean":{"confidence_interval":{"confidence_level":0.95,"lower_bound":41.29487666933034,"upper_bound":41.37776559612193},"point_estimate":41.334932358566945,"standard_error":0.021142228487852195},"Median":{"confidence_interval":{"confidence_level":0.95,"lower_bound":41.19560210067033,"upper_bound":41.37882997680508},"point_estimate":41.27391259881364,"standard_error":0.056458482614834736},"MedianAbsDev":{"confidence_interval":{"confidence_level":0.95,"lower_bound":0.10000864352855476,"upper_bound":0.27533647078078877},"point_estimate":0.20344055174490058,"standard_error":0.04840095234351404},"Slope":{"confidence_interval":{"confidence_level":0.95,"lower_bound":41.345189281902556,"upper_bound":41.425585440724056},"point_estimate":41.3849481542572,"standard_error":0.020529304663264997},"StdDev":{"confidence_interval":{"confidence_level":0.95,"lower_bound":0.16995635288372,"upper_bound":0.25439680471581066},"point_estimate":0.21259074135738223,"standard_error":0.021709556784367066}}