{"Mean":{"confidence_interval":{"confidence_level":0.95,"lower_bound":54.26093058623988,"upper_bound":55.27323063733926},"point_estimate":54.703686128756836,"standard_error":0.261454325430604},"Median":{"confidence_interval":{"confidence_level":0.95,"lower_bound":53.93920042321645,"upper_bound":54.27784108085083},"point_estimate":54.11355163929568,"standard_error":0.09900216192296381},"MedianAbsDev":{"confidence_interval":{"confidence_level":0.95,"lower_bound":0.4884326937179879,"upper_bound":0.8324801934592617},"point_estimate":0.6279153033103391,"standard_error":0.08540186480836626},"Slope":{"confidence_interval":{"confidence_level":0.95,"lower_bound":53.91568869187198,"upper_bound":54.32490119098737},"point_estimate":54.102079213119026,"standard_error":0.10443630993045801},"StdDev":{"confidence_interval":{"confidence_level":0.95,"lower_bound":1.0344491821145714,"upper_bound":3.902078991739998},"point_estimate":2.6219317953296764,"standard_error":0.7442579220574956}}