{"Mean":{"confidence_interval":{"confidence_level":0.95,"lower_bound":0.0130103911718162,"upper_bound":0.019287336523978987},"point_estimate":0.016585897325781307,"standard_error":0.001620422960812623},"Median":{"confidence_interval":{"confidence_level":0.95,"lower_bound":0.017873404152789606,"upper_bound":0.019421361126208847},"point_estimate":0.018723764697714085,"standard_error":0.0003971629348666518}}