{"Mean":{"confidence_interval":{"confidence_level":0.95,"lower_bound":33.25542142416794,"upper_bound":33.28612510940457},"point_estimate":33.269755093533966,"standard_error":0.007878205771594394},"Median":{"confidence_interval":{"confidence_level":0.95,"lower_bound":33.22726555924028,"upper_bound":33.261765364721214},"point_estimate":33.23798944415188,"standard_error":0.00856164270651642},"MedianAbsDev":{"confidence_interval":{"confidence_level":0.95,"lower_bound":0.01884996679200798,"upper_bound":0.06128295838990461},"point_estimate":0.03412339064694898,"standard_error":0.010550076477509033},"Slope":{"confidence_interval":{"confidence_level":0.95,"lower_bound":33.24877484351912,"upper_bound":33.271439430235496},"point_estimate":33.25988621349724,"standard_error":0.00579022142263941},"StdDev":{"confidence_interval":{"confidence_level":0.95,"lower_bound":0.0519309340133726,"upper_bound":0.10538240288482247},"point_estimate":0.07926076845765712,"standard_error":0.01387341888671213}}