{"Mean":{"confidence_interval":{"confidence_level":0.95,"lower_bound":43.17718033614077,"upper_bound":43.74553790019211},"point_estimate":43.44234286496323,"standard_error":0.14543281176545997},"Median":{"confidence_interval":{"confidence_level":0.95,"lower_bound":42.81894841130229,"upper_bound":43.19864147980106},"point_estimate":42.99728889178503,"standard_error":0.09743611876508095},"MedianAbsDev":{"confidence_interval":{"confidence_level":0.95,"lower_bound":0.4213813905670692,"upper_bound":0.7735757536009917},"point_estimate":0.5818971552899377,"standard_error":0.08374417630933798},"Slope":{"confidence_interval":{"confidence_level":0.95,"lower_bound":43.098040257795134,"upper_bound":43.43781512144934},"point_estimate":43.25734707536834,"standard_error":0.08661158062557947},"StdDev":{"confidence_interval":{"confidence_level":0.95,"lower_bound":0.981954268752265,"upper_bound":1.8843333841605274},"point_estimate":1.4668897597960422,"standard_error":0.23094024185538725}}