{"Mean":{"confidence_interval":{"confidence_level":0.95,"lower_bound":-0.275123347474642,"upper_bound":-0.2689403324613722},"point_estimate":-0.27191136926975,"standard_error":0.0015756996362767223},"Median":{"confidence_interval":{"confidence_level":0.95,"lower_bound":-0.27216562089827917,"upper_bound":-0.2637698005881453},"point_estimate":-0.2658948177429814,"standard_error":0.0025220647815293335}}