{"Mean":{"confidence_interval":{"confidence_level":0.95,"lower_bound":67.10645184947005,"upper_bound":71.71971205369267},"point_estimate":69.30208939165954,"standard_error":1.1742320469035517},"Median":{"confidence_interval":{"confidence_level":0.95,"lower_bound":63.0232278465722,"upper_bound":66.3747653786765},"point_estimate":63.93451246773623,"standard_error":0.9801346262003819},"MedianAbsDev":{"confidence_interval":{"confidence_level":0.95,"lower_bound":4.1754368976514495,"upper_bound":8.570112634315068},"point_estimate":5.87865893869756,"standard_error":1.2068073818957274},"Slope":{"confidence_interval":{"confidence_level":0.95,"lower_bound":70.45977047593345,"upper_bound":78.85095041915406},"point_estimate":74.53557706553812,"standard_error":2.144760338763868},"StdDev":{"confidence_interval":{"confidence_level":0.95,"lower_bound":8.955543856678322,"upper_bound":14.480570167996884},"point_estimate":11.811289406166866,"standard_error":1.419458975227223}}