{"Mean":{"confidence_interval":{"confidence_level":0.95,"lower_bound":39.56047429743803,"upper_bound":40.029875078236685},"point_estimate":39.751337099527284,"standard_error":0.12242854511311818},"Median":{"confidence_interval":{"confidence_level":0.95,"lower_bound":39.47124060993782,"upper_bound":39.5406769529978},"point_estimate":39.49928966836109,"standard_error":0.018026131208800502},"MedianAbsDev":{"confidence_interval":{"confidence_level":0.95,"lower_bound":0.08732705656085256,"upper_bound":0.15127489356020207},"point_estimate":0.11599946165006035,"standard_error":0.016063719912409662},"Slope":{"confidence_interval":{"confidence_level":0.95,"lower_bound":39.56444927786051,"upper_bound":39.767357052164485},"point_estimate":39.65704470470236,"standard_error":0.05182231902596004},"StdDev":{"confidence_interval":{"confidence_level":0.95,"lower_bound":0.2540124292389843,"upper_bound":1.9847603819258925},"point_estimate":1.2302080807603213,"standard_error":0.48358027570027445}}