{"Mean":{"confidence_interval":{"confidence_level":0.95,"lower_bound":25.314745938285,"upper_bound":25.514420226353796},"point_estimate":25.407009486221753,"standard_error":0.051161340187920235},"Median":{"confidence_interval":{"confidence_level":0.95,"lower_bound":25.250003401270007,"upper_bound":25.375884854215396},"point_estimate":25.311884754313283,"standard_error":0.03947824807060394},"MedianAbsDev":{"confidence_interval":{"confidence_level":0.95,"lower_bound":0.19160235197954137,"upper_bound":0.3183889571479247},"point_estimate":0.24232809124190452,"standard_error":0.03260601903720612},"Slope":{"confidence_interval":{"confidence_level":0.95,"lower_bound":25.39356397738925,"upper_bound":25.578162102695522},"point_estimate":25.482751698498074,"standard_error":0.04717571708250431},"StdDev":{"confidence_interval":{"confidence_level":0.95,"lower_bound":0.3282120609476213,"upper_bound":0.7233382431446838},"point_estimate":0.5143808606779235,"standard_error":0.11433002934782331}}