{"Mean":{"confidence_interval":{"confidence_level":0.95,"lower_bound":13.245604053028142,"upper_bound":13.28034016942479},"point_estimate":13.260567625785793,"standard_error":0.008954266354989348},"Median":{"confidence_interval":{"confidence_level":0.95,"lower_bound":13.230306437507808,"upper_bound":13.244761141840437},"point_estimate":13.23487829303104,"standard_error":0.0033198688779295786},"MedianAbsDev":{"confidence_interval":{"confidence_level":0.95,"lower_bound":0.0146142292522645,"upper_bound":0.03057504641155524},"point_estimate":0.019496174180319657,"standard_error":0.004048936625348679},"Slope":{"confidence_interval":{"confidence_level":0.95,"lower_bound":13.24423379030014,"upper_bound":13.262506032243634},"point_estimate":13.25290712598649,"standard_error":0.004672853633494169},"StdDev":{"confidence_interval":{"confidence_level":0.95,"lower_bound":0.034748875145032346,"upper_bound":0.13804727451879745},"point_estimate":0.0898802665138475,"standard_error":0.028100711819230944}}