{"Mean":{"confidence_interval":{"confidence_level":0.95,"lower_bound":25.149627340291286,"upper_bound":25.28551887435164},"point_estimate":25.2149005643789,"standard_error":0.03464734464755954},"Median":{"confidence_interval":{"confidence_level":0.95,"lower_bound":25.04948064176446,"upper_bound":25.189209540005244},"point_estimate":25.09634211239713,"standard_error":0.03440178496335218},"MedianAbsDev":{"confidence_interval":{"confidence_level":0.95,"lower_bound":0.17512845163491345,"upper_bound":0.3185416099864781},"point_estimate":0.2305411709947589,"standard_error":0.03872031425790722},"Slope":{"confidence_interval":{"confidence_level":0.95,"lower_bound":25.277562284644176,"upper_bound":25.46295793318908},"point_estimate":25.36826845880411,"standard_error":0.047331440123204754},"StdDev":{"confidence_interval":{"confidence_level":0.95,"lower_bound":0.2649886913358234,"upper_bound":0.42378356541209444},"point_estimate":0.34748177403260283,"standard_error":0.040673218772461474}}