{"Mean":{"confidence_interval":{"confidence_level":0.95,"lower_bound":13.49985269617021,"upper_bound":13.541513235463155},"point_estimate":13.518098080086501,"standard_error":0.010766383684567353},"Median":{"confidence_interval":{"confidence_level":0.95,"lower_bound":13.480863068643561,"upper_bound":13.501488849248899},"point_estimate":13.491196411775999,"standard_error":0.004720128516231783},"MedianAbsDev":{"confidence_interval":{"confidence_level":0.95,"lower_bound":0.027323782002970996,"upper_bound":0.0495016186677287},"point_estimate":0.03941563893432168,"standard_error":0.0058555470373774674},"Slope":{"confidence_interval":{"confidence_level":0.95,"lower_bound":13.498586741557853,"upper_bound":13.526625761531944},"point_estimate":13.512083124159961,"standard_error":0.007169595103474373},"StdDev":{"confidence_interval":{"confidence_level":0.95,"lower_bound":0.051268577132618814,"upper_bound":0.16285267229703226},"point_estimate":0.10841891629335203,"standard_error":0.03095166457432391}}