{"Mean":{"confidence_interval":{"confidence_level":0.95,"lower_bound":13.21665065424167,"upper_bound":13.22623988334495},"point_estimate":13.220978947830943,"standard_error":0.0024552898934526775},"Median":{"confidence_interval":{"confidence_level":0.95,"lower_bound":13.209422694514931,"upper_bound":13.214625096366037},"point_estimate":13.211105306088772,"standard_error":0.0012894053718940062},"MedianAbsDev":{"confidence_interval":{"confidence_level":0.95,"lower_bound":0.006494847918283663,"upper_bound":0.01377828208925897},"point_estimate":0.009209608160298092,"standard_error":0.0018652783221871526},"Slope":{"confidence_interval":{"confidence_level":0.95,"lower_bound":13.217740750550014,"upper_bound":13.236858351875712},"point_estimate":13.225473822018246,"standard_error":0.005035263573971995},"StdDev":{"confidence_interval":{"confidence_level":0.95,"lower_bound":0.015058775586270536,"upper_bound":0.03505271631207658},"point_estimate":0.024652409801952973,"standard_error":0.005783135438662747}}