{"Mean":{"confidence_interval":{"confidence_level":0.95,"lower_bound":10.005761749693589,"upper_bound":10.012076474857405},"point_estimate":10.008728779106521,"standard_error":0.0016036705057369909},"Median":{"confidence_interval":{"confidence_level":0.95,"lower_bound":10.004175170538554,"upper_bound":10.005841870104318},"point_estimate":10.005195923251962,"standard_error":0.0004865534988623983},"MedianAbsDev":{"confidence_interval":{"confidence_level":0.95,"lower_bound":0.002803888965545636,"upper_bound":0.0060553268963322495},"point_estimate":0.004208677873782626,"standard_error":0.0008060519383183491},"Slope":{"confidence_interval":{"confidence_level":0.95,"lower_bound":10.004146243217438,"upper_bound":10.009720483531453},"point_estimate":10.006982796486838,"standard_error":0.001415979398111958},"StdDev":{"confidence_interval":{"confidence_level":0.95,"lower_bound":0.008827120858941084,"upper_bound":0.022153432611005792},"point_estimate":0.016061542547507805,"standard_error":0.0034100422540963606}}