{"Mean":{"confidence_interval":{"confidence_level":0.95,"lower_bound":13.422280281583884,"upper_bound":13.466380478325307},"point_estimate":13.438545036343683,"standard_error":0.01244679006385687},"Median":{"confidence_interval":{"confidence_level":0.95,"lower_bound":13.411155391639914,"upper_bound":13.424510523651525},"point_estimate":13.415700819246167,"standard_error":0.003596570697441624},"MedianAbsDev":{"confidence_interval":{"confidence_level":0.95,"lower_bound":0.008895916913075145,"upper_bound":0.023645205878169887},"point_estimate":0.01510712596898584,"standard_error":0.0038755284517784654},"Slope":{"confidence_interval":{"confidence_level":0.95,"lower_bound":13.423489522408978,"upper_bound":13.461972365417788},"point_estimate":13.437459830593651,"standard_error":0.010357974752435717},"StdDev":{"confidence_interval":{"confidence_level":0.95,"lower_bound":0.019668049691450213,"upper_bound":0.21212304258737244},"point_estimate":0.12555224986828026,"standard_error":0.06568339847176372}}