{"Mean":{"confidence_interval":{"confidence_level":0.95,"lower_bound":25.365971244619814,"upper_bound":25.436189867771862},"point_estimate":25.40008341702099,"standard_error":0.017869721087971347},"Median":{"confidence_interval":{"confidence_level":0.95,"lower_bound":25.34176327606419,"upper_bound":25.408503698515155},"point_estimate":25.38225414909587,"standard_error":0.015608142455195801},"MedianAbsDev":{"confidence_interval":{"confidence_level":0.95,"lower_bound":0.09993567064131696,"upper_bound":0.16325005730744677},"point_estimate":0.12700195441006526,"standard_error":0.015535958309963755},"Slope":{"confidence_interval":{"confidence_level":0.95,"lower_bound":25.364555131694047,"upper_bound":25.417759238945536},"point_estimate":25.389887121628234,"standard_error":0.01357018758315347},"StdDev":{"confidence_interval":{"confidence_level":0.95,"lower_bound":0.1412587357440161,"upper_bound":0.21664968753879169},"point_estimate":0.1802151753503606,"standard_error":0.01937706886410545}}