{"Mean":{"confidence_interval":{"confidence_level":0.95,"lower_bound":13.463936277202137,"upper_bound":13.615657842565609},"point_estimate":13.531560965758048,"standard_error":0.038863734718915216},"Median":{"confidence_interval":{"confidence_level":0.95,"lower_bound":13.414969029480234,"upper_bound":13.44111748074182},"point_estimate":13.420349087330168,"standard_error":0.007146179419965695},"MedianAbsDev":{"confidence_interval":{"confidence_level":0.95,"lower_bound":0.0132194479146455,"upper_bound":0.041374492436943335},"point_estimate":0.02181597781641031,"standard_error":0.007697182111918983},"Slope":{"confidence_interval":{"confidence_level":0.95,"lower_bound":13.436813279264614,"upper_bound":13.481825308119458},"point_estimate":13.455763736210036,"standard_error":0.011621978199648619},"StdDev":{"confidence_interval":{"confidence_level":0.95,"lower_bound":0.17316614560325697,"upper_bound":0.551120321253115},"point_estimate":0.3906721343132349,"standard_error":0.09534835522300661}}