{"Mean":{"confidence_interval":{"confidence_level":0.95,"lower_bound":10.008980926252235,"upper_bound":10.019977986972437},"point_estimate":10.013768641723837,"standard_error":0.0028214151932966103},"Median":{"confidence_interval":{"confidence_level":0.95,"lower_bound":10.008545762715677,"upper_bound":10.011908810856589},"point_estimate":10.010001513536753,"standard_error":0.000844819806087923},"MedianAbsDev":{"confidence_interval":{"confidence_level":0.95,"lower_bound":0.0045951648976771875,"upper_bound":0.00979225239194294},"point_estimate":0.007313871845376143,"standard_error":0.0012947979740313234},"Slope":{"confidence_interval":{"confidence_level":0.95,"lower_bound":10.003358791686791,"upper_bound":10.02660388842507},"point_estimate":10.013001409323337,"standard_error":0.006026640626598338},"StdDev":{"confidence_interval":{"confidence_level":0.95,"lower_bound":0.009486270412418231,"upper_bound":0.04540293600409069},"point_estimate":0.0283483375655707,"standard_error":0.010391855204012023}}