{"Mean":{"confidence_interval":{"confidence_level":0.95,"lower_bound":4102.208857276656,"upper_bound":4139.528753686232},"point_estimate":4120.1730322835165,"standard_error":9.562603902181399},"Median":{"confidence_interval":{"confidence_level":0.95,"lower_bound":4080.7421044864227,"upper_bound":4106.221200877045},"point_estimate":4095.347477709648,"standard_error":7.83983060696098},"MedianAbsDev":{"confidence_interval":{"confidence_level":0.95,"lower_bound":39.76607568789758,"upper_bound":78.40784960989468},"point_estimate":55.17048904284185,"standard_error":9.68106521456187},"Slope":{"confidence_interval":{"confidence_level":0.95,"lower_bound":4104.649844450831,"upper_bound":4133.901477141093},"point_estimate":4119.010247140047,"standard_error":7.462741039735216},"StdDev":{"confidence_interval":{"confidence_level":0.95,"lower_bound":74.13487019867489,"upper_bound":118.92979331123986},"point_estimate":96.42095676712492,"standard_error":11.602169349164207}}