{"Mean":{"confidence_interval":{"confidence_level":0.95,"lower_bound":3613.033021852277,"upper_bound":3783.096282511884},"point_estimate":3693.795329048292,"standard_error":43.3164716216464},"Median":{"confidence_interval":{"confidence_level":0.95,"lower_bound":3516.275067601769,"upper_bound":3697.59010270775},"point_estimate":3603.4218351346562,"standard_error":42.5033446661242},"MedianAbsDev":{"confidence_interval":{"confidence_level":0.95,"lower_bound":272.25326173893694,"upper_bound":415.48214491674554},"point_estimate":346.31563604051894,"standard_error":39.48929668420123},"Slope":{"confidence_interval":{"confidence_level":0.95,"lower_bound":3663.9769574005954,"upper_bound":3781.5865939381097},"point_estimate":3721.7121358408885,"standard_error":30.06358031574559},"StdDev":{"confidence_interval":{"confidence_level":0.95,"lower_bound":316.8978993832639,"upper_bound":539.0401531721777},"point_estimate":435.30354391649814,"standard_error":56.87582558035013}}