{"Mean":{"confidence_interval":{"confidence_level":0.95,"lower_bound":2809.7479286129724,"upper_bound":2887.423260973484},"point_estimate":2846.2578418329317,"standard_error":19.8530621375199},"Median":{"confidence_interval":{"confidence_level":0.95,"lower_bound":2811.6015909997723,"upper_bound":2853.821646517398},"point_estimate":2830.7150076747084,"standard_error":9.878479664875293},"MedianAbsDev":{"confidence_interval":{"confidence_level":0.95,"lower_bound":95.41167976771446,"upper_bound":177.18023301146866},"point_estimate":129.361539708303,"standard_error":21.619327911238795},"Slope":{"confidence_interval":{"confidence_level":0.95,"lower_bound":2817.4400516735022,"upper_bound":2872.871961665054},"point_estimate":2844.993113502256,"standard_error":14.07292699625043},"StdDev":{"confidence_interval":{"confidence_level":0.95,"lower_bound":133.350764808819,"upper_bound":261.4255907514995},"point_estimate":199.03545868014854,"standard_error":33.212605583587305}}