{"Mean":{"confidence_interval":{"confidence_level":0.95,"lower_bound":42.633486588896744,"upper_bound":42.729953268929926},"point_estimate":42.680879637068394,"standard_error":0.024642945359459347},"Median":{"confidence_interval":{"confidence_level":0.95,"lower_bound":42.618382212994206,"upper_bound":42.74105423354182},"point_estimate":42.689013294724575,"standard_error":0.030497694676629796},"MedianAbsDev":{"confidence_interval":{"confidence_level":0.95,"lower_bound":0.24168097994857243,"upper_bound":0.3508497723773776},"point_estimate":0.30215651232765167,"standard_error":0.028466183259068228},"Slope":{"confidence_interval":{"confidence_level":0.95,"lower_bound":42.54721032595035,"upper_bound":42.69660305522111},"point_estimate":42.614132816809075,"standard_error":0.038271649857995554},"StdDev":{"confidence_interval":{"confidence_level":0.95,"lower_bound":0.21517573554884623,"upper_bound":0.2822081781352736},"point_estimate":0.24835728207982935,"standard_error":0.017244412117593384}}