{"Mean":{"confidence_interval":{"confidence_level":0.95,"lower_bound":33.27469209160859,"upper_bound":33.4253469630715},"point_estimate":33.336745569604744,"standard_error":0.039261852441811664},"Median":{"confidence_interval":{"confidence_level":0.95,"lower_bound":33.23775986767704,"upper_bound":33.255888411769675},"point_estimate":33.24671290020906,"standard_error":0.005097962780705195},"MedianAbsDev":{"confidence_interval":{"confidence_level":0.95,"lower_bound":0.023327037341798335,"upper_bound":0.04491231033379796},"point_estimate":0.03404115832681505,"standard_error":0.005804900516399162},"Slope":{"confidence_interval":{"confidence_level":0.95,"lower_bound":33.26726986454354,"upper_bound":33.37162340642202},"point_estimate":33.3129373953579,"standard_error":0.026894940705537614},"StdDev":{"confidence_interval":{"confidence_level":0.95,"lower_bound":0.11690890527445297,"upper_bound":0.6268701504668238},"point_estimate":0.39261590471095975,"standard_error":0.14761478157837363}}