{"Mean":{"confidence_interval":{"confidence_level":0.95,"lower_bound":0.23465154638075356,"upper_bound":0.24196578042482197},"point_estimate":0.23898490019462648,"standard_error":0.001897580962758167},"Median":{"confidence_interval":{"confidence_level":0.95,"lower_bound":0.23884000994660193,"upper_bound":0.24456043349610426},"point_estimate":0.24145315160763348,"standard_error":0.001735906125237652}}