{"Mean":{"confidence_interval":{"confidence_level":0.95,"lower_bound":4944.138570783861,"upper_bound":5077.799412859901},"point_estimate":5008.790625378015,"standard_error":34.10576097627791},"Median":{"confidence_interval":{"confidence_level":0.95,"lower_bound":4848.083594976452,"upper_bound":4998.962653061224},"point_estimate":4905.360194077632,"standard_error":40.263966853925204},"MedianAbsDev":{"confidence_interval":{"confidence_level":0.95,"lower_bound":216.16729807965058,"upper_bound":371.13610471419645},"point_estimate":281.4577588492317,"standard_error":38.106321488107604},"Slope":{"confidence_interval":{"confidence_level":0.95,"lower_bound":4967.226336974006,"upper_bound":5087.536276191654},"point_estimate":5025.725283006065,"standard_error":30.578507028264106},"StdDev":{"confidence_interval":{"confidence_level":0.95,"lower_bound":278.3039015026896,"upper_bound":396.01415600530487},"point_estimate":342.6089412495344,"standard_error":30.118525291547204}}