{"Mean":{"confidence_interval":{"confidence_level":0.95,"lower_bound":4860.405371884071,"upper_bound":4911.140381092563},"point_estimate":4882.9015170336215,"standard_error":13.012434220744561},"Median":{"confidence_interval":{"confidence_level":0.95,"lower_bound":4844.606234667469,"upper_bound":4882.656573796915},"point_estimate":4865.020493042952,"standard_error":10.800649036736017},"MedianAbsDev":{"confidence_interval":{"confidence_level":0.95,"lower_bound":45.26003240979513,"upper_bound":67.25982135706491},"point_estimate":54.536422179626065,"standard_error":5.6458796932381565},"Slope":{"confidence_interval":{"confidence_level":0.95,"lower_bound":4867.958697210898,"upper_bound":4981.781508163039},"point_estimate":4916.571123814318,"standard_error":29.823785100016448},"StdDev":{"confidence_interval":{"confidence_level":0.95,"lower_bound":56.82863678411969,"upper_bound":191.6166837876304},"point_estimate":130.63914637518127,"standard_error":35.0752046822091}}