{"Mean":{"confidence_interval":{"confidence_level":0.95,"lower_bound":13.675248370512419,"upper_bound":13.727499971452284},"point_estimate":13.699722131462565,"standard_error":0.013345357404813917},"Median":{"confidence_interval":{"confidence_level":0.95,"lower_bound":13.642122063566731,"upper_bound":13.680431561084315},"point_estimate":13.655965673656684,"standard_error":0.011450419744919222},"MedianAbsDev":{"confidence_interval":{"confidence_level":0.95,"lower_bound":0.044372357463980404,"upper_bound":0.09959722335565725},"point_estimate":0.06834965287706576,"standard_error":0.014688814952156267},"Slope":{"confidence_interval":{"confidence_level":0.95,"lower_bound":13.701734320910903,"upper_bound":13.770077787341984},"point_estimate":13.735451499293832,"standard_error":0.017438769463371973},"StdDev":{"confidence_interval":{"confidence_level":0.95,"lower_bound":0.090045509109725,"upper_bound":0.17728072736468378},"point_estimate":0.13397674719112707,"standard_error":0.022752045987554148}}