{"Mean":{"confidence_interval":{"confidence_level":0.95,"lower_bound":13.864698989241791,"upper_bound":13.968591473388189},"point_estimate":13.908340029462357,"standard_error":0.026993257107184265},"Median":{"confidence_interval":{"confidence_level":0.95,"lower_bound":13.841541132231072,"upper_bound":13.866127639503443},"point_estimate":13.851167533323054,"standard_error":0.006045723923583456},"MedianAbsDev":{"confidence_interval":{"confidence_level":0.95,"lower_bound":0.030617699336526402,"upper_bound":0.05229803030807327},"point_estimate":0.04182356657379603,"standard_error":0.005267674469409348},"Slope":{"confidence_interval":{"confidence_level":0.95,"lower_bound":13.867123014881704,"upper_bound":13.904633230149937},"point_estimate":13.883966379322937,"standard_error":0.009629017718044813},"StdDev":{"confidence_interval":{"confidence_level":0.95,"lower_bound":0.06047830076286271,"upper_bound":0.42257966763241905},"point_estimate":0.2717955618473154,"standard_error":0.09653674796725226}}