{"Mean":{"confidence_interval":{"confidence_level":0.95,"lower_bound":25.05255912907348,"upper_bound":25.17620844813024},"point_estimate":25.109293673339693,"standard_error":0.031725371159948716},"Median":{"confidence_interval":{"confidence_level":0.95,"lower_bound":25.019675414185023,"upper_bound":25.122233913473185},"point_estimate":25.070058389034827,"standard_error":0.027739060757572348},"MedianAbsDev":{"confidence_interval":{"confidence_level":0.95,"lower_bound":0.13444498275665617,"upper_bound":0.24711803842738111},"point_estimate":0.20862379883473034,"standard_error":0.02902978250881297},"Slope":{"confidence_interval":{"confidence_level":0.95,"lower_bound":25.046768342530317,"upper_bound":25.164856279832257},"point_estimate":25.100724366535097,"standard_error":0.03028751247893625},"StdDev":{"confidence_interval":{"confidence_level":0.95,"lower_bound":0.18363677066532075,"upper_bound":0.46237406922818514},"point_estimate":0.31855075958784773,"standard_error":0.079181904812448}}