{"Mean":{"confidence_interval":{"confidence_level":0.95,"lower_bound":13.478143589030863,"upper_bound":13.633323204019263},"point_estimate":13.54407236566256,"standard_error":0.04035651050736727},"Median":{"confidence_interval":{"confidence_level":0.95,"lower_bound":13.441982190547314,"upper_bound":13.463390825714002},"point_estimate":13.450430244956411,"standard_error":0.0059959296496599306},"MedianAbsDev":{"confidence_interval":{"confidence_level":0.95,"lower_bound":0.026523872875422735,"upper_bound":0.05529765795255296},"point_estimate":0.0349143636204742,"standard_error":0.007310061735670215},"Slope":{"confidence_interval":{"confidence_level":0.95,"lower_bound":13.479888740161966,"upper_bound":13.57718955398998},"point_estimate":13.525439767100888,"standard_error":0.02498628671559143},"StdDev":{"confidence_interval":{"confidence_level":0.95,"lower_bound":0.09590639770480587,"upper_bound":0.6288058215332686},"point_estimate":0.4069464296392953,"standard_error":0.14201608795675316}}