{"Mean":{"confidence_interval":{"confidence_level":0.95,"lower_bound":67.66944838851428,"upper_bound":75.00302733430985},"point_estimate":71.14582800607106,"standard_error":1.882345895011718},"Median":{"confidence_interval":{"confidence_level":0.95,"lower_bound":63.00922833285344,"upper_bound":65.10738688025774},"point_estimate":64.18979246543512,"standard_error":0.45543843566430386},"MedianAbsDev":{"confidence_interval":{"confidence_level":0.95,"lower_bound":4.310228480576582,"upper_bound":6.95390133839512},"point_estimate":6.282209228140102,"standard_error":0.6722336498257419},"Slope":{"confidence_interval":{"confidence_level":0.95,"lower_bound":65.41736204545889,"upper_bound":74.19194593400472},"point_estimate":69.34921073342879,"standard_error":2.23505321134338},"StdDev":{"confidence_interval":{"confidence_level":0.95,"lower_bound":13.937164392830194,"upper_bound":22.919016249506644},"point_estimate":18.943053370584582,"standard_error":2.287273970171975}}