{"Mean":{"confidence_interval":{"confidence_level":0.95,"lower_bound":33.28318045790693,"upper_bound":33.5059359492689},"point_estimate":33.38580226736427,"standard_error":0.05713188380673387},"Median":{"confidence_interval":{"confidence_level":0.95,"lower_bound":33.137058117808905,"upper_bound":33.229922475774245},"point_estimate":33.182792984450415,"standard_error":0.02504881107196911},"MedianAbsDev":{"confidence_interval":{"confidence_level":0.95,"lower_bound":0.11101564055623395,"upper_bound":0.2279056384940213},"point_estimate":0.16080279053045338,"standard_error":0.03015050437284358},"Slope":{"confidence_interval":{"confidence_level":0.95,"lower_bound":33.27650305339866,"upper_bound":33.5158291555759},"point_estimate":33.384939933862626,"standard_error":0.061053256104002786},"StdDev":{"confidence_interval":{"confidence_level":0.95,"lower_bound":0.36417426167464534,"upper_bound":0.7778354829974741},"point_estimate":0.5741112174429774,"standard_error":0.10810678348068219}}