{"Mean":{"confidence_interval":{"confidence_level":0.95,"lower_bound":3263.0109427120346,"upper_bound":3403.896272488246},"point_estimate":3325.8039633642907,"standard_error":36.083536172508765},"Median":{"confidence_interval":{"confidence_level":0.95,"lower_bound":3232.178363879343,"upper_bound":3316.8294518279304},"point_estimate":3285.8751272196077,"standard_error":23.402945668132602},"MedianAbsDev":{"confidence_interval":{"confidence_level":0.95,"lower_bound":137.99918089503063,"upper_bound":302.248643752672},"point_estimate":247.42613356589825,"standard_error":43.07523127888735},"Slope":{"confidence_interval":{"confidence_level":0.95,"lower_bound":3263.84360458215,"upper_bound":3361.893034076247},"point_estimate":3312.3673413680804,"standard_error":25.010894119809826},"StdDev":{"confidence_interval":{"confidence_level":0.95,"lower_bound":204.06796548414206,"upper_bound":536.7171632347062},"point_estimate":362.8585222202592,"standard_error":101.13649568627815}}