{"Mean":{"confidence_interval":{"confidence_level":0.95,"lower_bound":3532.0465805286726,"upper_bound":3550.0276147027107},"point_estimate":3540.3495277404013,"standard_error":4.594866976880637},"Median":{"confidence_interval":{"confidence_level":0.95,"lower_bound":3526.9910207892444,"upper_bound":3538.68321299639},"point_estimate":3533.9413524535366,"standard_error":2.826753820438756},"MedianAbsDev":{"confidence_interval":{"confidence_level":0.95,"lower_bound":22.48488687785906,"upper_bound":38.717073767775055},"point_estimate":31.595971713427797,"standard_error":4.116941947548773},"Slope":{"confidence_interval":{"confidence_level":0.95,"lower_bound":3538.2751559193034,"upper_bound":3553.0392137640333},"point_estimate":3545.5258660658887,"standard_error":3.777465768570181},"StdDev":{"confidence_interval":{"confidence_level":0.95,"lower_bound":30.092016682716498,"upper_bound":64.62333278943966},"point_estimate":46.24505473616198,"standard_error":9.948315973914948}}