{"Mean":{"confidence_interval":{"confidence_level":0.95,"lower_bound":33.293935508723294,"upper_bound":33.47232348588803},"point_estimate":33.36193391224851,"standard_error":0.04818026176164713},"Median":{"confidence_interval":{"confidence_level":0.95,"lower_bound":33.23946397306397,"upper_bound":33.27880471380471},"point_estimate":33.24645198682329,"standard_error":0.009680523571929873},"MedianAbsDev":{"confidence_interval":{"confidence_level":0.95,"lower_bound":0.03262260938252132,"upper_bound":0.08745113650477226},"point_estimate":0.04749823515732991,"standard_error":0.013582406356554548},"Slope":{"confidence_interval":{"confidence_level":0.95,"lower_bound":33.28758381523134,"upper_bound":33.387577518306145},"point_estimate":33.329542858863,"standard_error":0.02580158483171983},"StdDev":{"confidence_interval":{"confidence_level":0.95,"lower_bound":0.10552177341710309,"upper_bound":0.8072946825144955},"point_estimate":0.4845205510536299,"standard_error":0.23010799860123327}}