{"Mean":{"confidence_interval":{"confidence_level":0.95,"lower_bound":-0.2600091198765343,"upper_bound":-0.25717633752228436},"point_estimate":-0.2584863094850266,"standard_error":0.0007272850307879179},"Median":{"confidence_interval":{"confidence_level":0.95,"lower_bound":-0.25735372430875403,"upper_bound":-0.2557766523262225},"point_estimate":-0.25651000033244375,"standard_error":0.00040188065493649774}}