{"Mean":{"confidence_interval":{"confidence_level":0.95,"lower_bound":13.257480724906939,"upper_bound":13.294705859905307},"point_estimate":13.274500372587536,"standard_error":0.00953106259225141},"Median":{"confidence_interval":{"confidence_level":0.95,"lower_bound":13.235815123391491,"upper_bound":13.255831129144633},"point_estimate":13.243252151220606,"standard_error":0.004298976757381266},"MedianAbsDev":{"confidence_interval":{"confidence_level":0.95,"lower_bound":0.021883294023663083,"upper_bound":0.04720393142962436},"point_estimate":0.0329617966551201,"standard_error":0.006416864084383263},"Slope":{"confidence_interval":{"confidence_level":0.95,"lower_bound":13.257410869651714,"upper_bound":13.292824013332408},"point_estimate":13.273355174066584,"standard_error":0.009079074201972598},"StdDev":{"confidence_interval":{"confidence_level":0.95,"lower_bound":0.05731553994552321,"upper_bound":0.12834882133904277},"point_estimate":0.0959035550841823,"standard_error":0.0181136988972436}}