{"Mean":{"confidence_interval":{"confidence_level":0.95,"lower_bound":25.36807449269871,"upper_bound":25.542421592993865},"point_estimate":25.45414537130323,"standard_error":0.04463475815259022},"Median":{"confidence_interval":{"confidence_level":0.95,"lower_bound":25.372218174809046,"upper_bound":25.515223964813796},"point_estimate":25.447336954345687,"standard_error":0.031439768432893755},"MedianAbsDev":{"confidence_interval":{"confidence_level":0.95,"lower_bound":0.23160342630040331,"upper_bound":0.5859483492485724},"point_estimate":0.3341804882305825,"standard_error":0.09356976365167635},"Slope":{"confidence_interval":{"confidence_level":0.95,"lower_bound":25.566201641587707,"upper_bound":25.747649465519174},"point_estimate":25.654672595555184,"standard_error":0.0462093837380653},"StdDev":{"confidence_interval":{"confidence_level":0.95,"lower_bound":0.3752064500052677,"upper_bound":0.5178579340438277},"point_estimate":0.4489459025418474,"standard_error":0.036397810474547765}}