{"Mean":{"confidence_interval":{"confidence_level":0.95,"lower_bound":25.201198648748942,"upper_bound":25.3499526234033},"point_estimate":25.272557189488456,"standard_error":0.037745823556158846},"Median":{"confidence_interval":{"confidence_level":0.95,"lower_bound":25.142224492345072,"upper_bound":25.23013275651222},"point_estimate":25.184647075502085,"standard_error":0.022095940685888313},"MedianAbsDev":{"confidence_interval":{"confidence_level":0.95,"lower_bound":0.16026233359005826,"upper_bound":0.3079143479740728},"point_estimate":0.25539239260706714,"standard_error":0.03768580584820586},"Slope":{"confidence_interval":{"confidence_level":0.95,"lower_bound":25.11541732818503,"upper_bound":25.23545873373085},"point_estimate":25.171824741246276,"standard_error":0.03052909325344759},"StdDev":{"confidence_interval":{"confidence_level":0.95,"lower_bound":0.28819685436396514,"upper_bound":0.45554387014161796},"point_estimate":0.37808492516976666,"standard_error":0.04283992616455026}}