{"Mean":{"confidence_interval":{"confidence_level":0.95,"lower_bound":10.007125100966395,"upper_bound":10.016971333399926},"point_estimate":10.010838595290648,"standard_error":0.0026893220203933347},"Median":{"confidence_interval":{"confidence_level":0.95,"lower_bound":10.006306336226585,"upper_bound":10.008381255838625},"point_estimate":10.00721789881878,"standard_error":0.0005796058265579049},"MedianAbsDev":{"confidence_interval":{"confidence_level":0.95,"lower_bound":0.0037349987766073117,"upper_bound":0.006629089816494204},"point_estimate":0.005463760747584981,"standard_error":0.0007413270850671468},"Slope":{"confidence_interval":{"confidence_level":0.95,"lower_bound":10.006993174086032,"upper_bound":10.024574718292898},"point_estimate":10.013110536476072,"standard_error":0.00495845778655476},"StdDev":{"confidence_interval":{"confidence_level":0.95,"lower_bound":0.006182778619785852,"upper_bound":0.04529713503867276},"point_estimate":0.02706645320100014,"standard_error":0.013298603494132461}}