{"Mean":{"confidence_interval":{"confidence_level":0.95,"lower_bound":25.371811140013712,"upper_bound":25.56451970025583},"point_estimate":25.457512608754637,"standard_error":0.0494322936378347},"Median":{"confidence_interval":{"confidence_level":0.95,"lower_bound":25.318662748077895,"upper_bound":25.404022594347925},"point_estimate":25.350972694505465,"standard_error":0.018909074987717413},"MedianAbsDev":{"confidence_interval":{"confidence_level":0.95,"lower_bound":0.12989389166885595,"upper_bound":0.25703533788769506},"point_estimate":0.16949205595809697,"standard_error":0.032090840004619474},"Slope":{"confidence_interval":{"confidence_level":0.95,"lower_bound":25.37876079687178,"upper_bound":25.510251574271514},"point_estimate":25.44075684295633,"standard_error":0.033697628818832544},"StdDev":{"confidence_interval":{"confidence_level":0.95,"lower_bound":0.24581169898635302,"upper_bound":0.7362158745025786},"point_estimate":0.4961119041215985,"standard_error":0.1322006292727453}}