{"Mean":{"confidence_interval":{"confidence_level":0.95,"lower_bound":13.54734012929557,"upper_bound":13.651872637901045},"point_estimate":13.594130528591474,"standard_error":0.02680435898381563},"Median":{"confidence_interval":{"confidence_level":0.95,"lower_bound":13.494088225173767,"upper_bound":13.53811005388359},"point_estimate":13.510329782646012,"standard_error":0.01080075629055414},"MedianAbsDev":{"confidence_interval":{"confidence_level":0.95,"lower_bound":0.04540513391080944,"upper_bound":0.09105108520944269},"point_estimate":0.05945913712152849,"standard_error":0.011434782321578588},"Slope":{"confidence_interval":{"confidence_level":0.95,"lower_bound":13.53607308421339,"upper_bound":13.591597493855675},"point_estimate":13.561437892360537,"standard_error":0.014155134352187522},"StdDev":{"confidence_interval":{"confidence_level":0.95,"lower_bound":0.1339710678006896,"upper_bound":0.38704620580724836},"point_estimate":0.26966793273994727,"standard_error":0.06581291988538501}}