{"Mean":{"confidence_interval":{"confidence_level":0.95,"lower_bound":0.022443633233025256,"upper_bound":0.030336712269685845},"point_estimate":0.026071152826276478,"standard_error":0.002001822485563843},"Median":{"confidence_interval":{"confidence_level":0.95,"lower_bound":0.020291057590525963,"upper_bound":0.023635795187406217},"point_estimate":0.021601682310335768,"standard_error":0.000825104866699092}}