{"Mean":{"confidence_interval":{"confidence_level":0.95,"lower_bound":33.65477375938098,"upper_bound":34.223550592851076},"point_estimate":33.91212082139302,"standard_error":0.1460299270654792},"Median":{"confidence_interval":{"confidence_level":0.95,"lower_bound":33.41455032077046,"upper_bound":33.516581442092},"point_estimate":33.465910609433436,"standard_error":0.026305332538907853},"MedianAbsDev":{"confidence_interval":{"confidence_level":0.95,"lower_bound":0.10414477877897897,"upper_bound":0.2236449390724469},"point_estimate":0.17601653176888915,"standard_error":0.03147684906753641},"Slope":{"confidence_interval":{"confidence_level":0.95,"lower_bound":33.49640504846738,"upper_bound":33.63364474860283},"point_estimate":33.556987981353245,"standard_error":0.03487194796407314},"StdDev":{"confidence_interval":{"confidence_level":0.95,"lower_bound":0.8101364723663789,"upper_bound":2.00291254225429},"point_estimate":1.4706897643635932,"standard_error":0.30381111820610845}}