{"Mean":{"confidence_interval":{"confidence_level":0.95,"lower_bound":0.02570019766843771,"upper_bound":0.030525452613110182},"point_estimate":0.027867765840438485,"standard_error":0.0012304568646688133},"Median":{"confidence_interval":{"confidence_level":0.95,"lower_bound":0.022577976493463235,"upper_bound":0.02542517690343149},"point_estimate":0.023897451248008794,"standard_error":0.0008861756069839899}}