{"Mean":{"confidence_interval":{"confidence_level":0.95,"lower_bound":25.08506707518463,"upper_bound":25.19208173888303},"point_estimate":25.137304880482006,"standard_error":0.02721964175709722},"Median":{"confidence_interval":{"confidence_level":0.95,"lower_bound":25.04963559382572,"upper_bound":25.138069747602533},"point_estimate":25.0962896838181,"standard_error":0.021542498517991695},"MedianAbsDev":{"confidence_interval":{"confidence_level":0.95,"lower_bound":0.13208199067347992,"upper_bound":0.24979652130388236},"point_estimate":0.19104643773493124,"standard_error":0.030260368335973464},"Slope":{"confidence_interval":{"confidence_level":0.95,"lower_bound":25.083497696460377,"upper_bound":25.174960256787323},"point_estimate":25.128294338130235,"standard_error":0.023368943699773086},"StdDev":{"confidence_interval":{"confidence_level":0.95,"lower_bound":0.216690183667805,"upper_bound":0.32590225737347533},"point_estimate":0.2735569389659222,"standard_error":0.02801210213607444}}