{"Mean":{"confidence_interval":{"confidence_level":0.95,"lower_bound":9.999071773893709,"upper_bound":10.010892509339994},"point_estimate":10.005701588436638,"standard_error":0.0030309096261972287},"Median":{"confidence_interval":{"confidence_level":0.95,"lower_bound":10.00391609537545,"upper_bound":10.006909380472965},"point_estimate":10.005541265793315,"standard_error":0.0008742793140970064},"MedianAbsDev":{"confidence_interval":{"confidence_level":0.95,"lower_bound":0.006279712260780517,"upper_bound":0.011581578975230695},"point_estimate":0.008034761245575395,"standard_error":0.0013827433827365346},"Slope":{"confidence_interval":{"confidence_level":0.95,"lower_bound":10.00489690957538,"upper_bound":10.019309273505423},"point_estimate":10.012158732851834,"standard_error":0.0036781904386605944},"StdDev":{"confidence_interval":{"confidence_level":0.95,"lower_bound":0.014805602743433259,"upper_bound":0.04705656297998976},"point_estimate":0.03059176041373553,"standard_error":0.009760716371058435}}