{"Mean":{"confidence_interval":{"confidence_level":0.95,"lower_bound":25.157393695958646,"upper_bound":25.359122014863214},"point_estimate":25.252081883447577,"standard_error":0.05153067149686278},"Median":{"confidence_interval":{"confidence_level":0.95,"lower_bound":25.065708659905432,"upper_bound":25.146854093981933},"point_estimate":25.097146999478248,"standard_error":0.023700982692894033},"MedianAbsDev":{"confidence_interval":{"confidence_level":0.95,"lower_bound":0.15259172700457715,"upper_bound":0.24734703044919787},"point_estimate":0.19487658493536425,"standard_error":0.024239013204140927},"Slope":{"confidence_interval":{"confidence_level":0.95,"lower_bound":25.082579833021594,"upper_bound":25.160335127604746},"point_estimate":25.119639391653557,"standard_error":0.019855028634400338},"StdDev":{"confidence_interval":{"confidence_level":0.95,"lower_bound":0.34588138092115656,"upper_bound":0.6687071613550092},"point_estimate":0.5185988102528982,"standard_error":0.08245592802943995}}