{"Mean":{"confidence_interval":{"confidence_level":0.95,"lower_bound":13.518854392293239,"upper_bound":13.582433369512453},"point_estimate":13.54897739747926,"standard_error":0.016248663322609852},"Median":{"confidence_interval":{"confidence_level":0.95,"lower_bound":13.476563626236057,"upper_bound":13.521624145605774},"point_estimate":13.489799387769384,"standard_error":0.011986754965752746},"MedianAbsDev":{"confidence_interval":{"confidence_level":0.95,"lower_bound":0.07410039021919597,"upper_bound":0.12330302145537327},"point_estimate":0.09632664060981458,"standard_error":0.012624199297636628},"Slope":{"confidence_interval":{"confidence_level":0.95,"lower_bound":13.499341702916865,"upper_bound":13.600926722178537},"point_estimate":13.546001876239004,"standard_error":0.025971349717096127},"StdDev":{"confidence_interval":{"confidence_level":0.95,"lower_bound":0.11503448742367983,"upper_bound":0.20946204684504333},"point_estimate":0.16333763538803944,"standard_error":0.02432536495565312}}