{"Mean":{"confidence_interval":{"confidence_level":0.95,"lower_bound":10.007856332299193,"upper_bound":10.011487337661672},"point_estimate":10.009713168230611,"standard_error":0.0009218121609608216},"Median":{"confidence_interval":{"confidence_level":0.95,"lower_bound":10.007667226278848,"upper_bound":10.010991642012858},"point_estimate":10.009236269836453,"standard_error":0.0008307280883050904},"MedianAbsDev":{"confidence_interval":{"confidence_level":0.95,"lower_bound":0.004211461305788268,"upper_bound":0.0075845859057247535},"point_estimate":0.005686963265395137,"standard_error":0.0008494231528000538},"Slope":{"confidence_interval":{"confidence_level":0.95,"lower_bound":10.009194791921855,"upper_bound":10.013508911315459},"point_estimate":10.011286874284368,"standard_error":0.001102562667553773},"StdDev":{"confidence_interval":{"confidence_level":0.95,"lower_bound":0.0063675603900587505,"upper_bound":0.012166294353572723},"point_estimate":0.009195309166257508,"standard_error":0.0015174942889835538}}