{"Mean":{"confidence_interval":{"confidence_level":0.95,"lower_bound":25.198174892395368,"upper_bound":25.33599739648013},"point_estimate":25.26197607401769,"standard_error":0.03520956121439784},"Median":{"confidence_interval":{"confidence_level":0.95,"lower_bound":25.168318646691123,"upper_bound":25.2514019650599},"point_estimate":25.20361622122095,"standard_error":0.023068020995943097},"MedianAbsDev":{"confidence_interval":{"confidence_level":0.95,"lower_bound":0.1604295682747159,"upper_bound":0.3046592500629002},"point_estimate":0.235268333994807,"standard_error":0.035863438056702654},"Slope":{"confidence_interval":{"confidence_level":0.95,"lower_bound":25.19905848475851,"upper_bound":25.31593690775024},"point_estimate":25.25488626551863,"standard_error":0.029856347738142466},"StdDev":{"confidence_interval":{"confidence_level":0.95,"lower_bound":0.22912152129759686,"upper_bound":0.4985502414057869},"point_estimate":0.3545859735803344,"standard_error":0.07813977355683344}}