{"Mean":{"confidence_interval":{"confidence_level":0.95,"lower_bound":-0.004095993343934496,"upper_bound":0.05785326887492687},"point_estimate":0.02563834859554537,"standard_error":0.015647013289222092},"Median":{"confidence_interval":{"confidence_level":0.95,"lower_bound":-0.021246716834395146,"upper_bound":0.04381810674879305},"point_estimate":0.014282934468457187,"standard_error":0.015829652645139313}}