{"Mean":{"confidence_interval":{"confidence_level":0.95,"lower_bound":-0.26590691356371676,"upper_bound":-0.2573324031366395},"point_estimate":-0.26101760794343976,"standard_error":0.0022198158372061507},"Median":{"confidence_interval":{"confidence_level":0.95,"lower_bound":-0.25695028507659656,"upper_bound":-0.2557644169152554},"point_estimate":-0.2562409850274837,"standard_error":0.0003342167788665547}}