{"Mean":{"confidence_interval":{"confidence_level":0.95,"lower_bound":7054.343137866519,"upper_bound":7407.457279293746},"point_estimate":7222.072951052324,"standard_error":90.37256591510919},"Median":{"confidence_interval":{"confidence_level":0.95,"lower_bound":6806.2290977798775,"upper_bound":6917.203201970444},"point_estimate":6869.984016052319,"standard_error":28.558293250925022},"MedianAbsDev":{"confidence_interval":{"confidence_level":0.95,"lower_bound":135.77883091313674,"upper_bound":275.76105757304794},"point_estimate":199.76946109006744,"standard_error":36.60103130620245},"Slope":{"confidence_interval":{"confidence_level":0.95,"lower_bound":7201.712460253353,"upper_bound":7934.699980881447},"point_estimate":7563.7549547448825,"standard_error":188.0427781525076},"StdDev":{"confidence_interval":{"confidence_level":0.95,"lower_bound":651.5441101336345,"upper_bound":1111.7383707790623},"point_estimate":906.6153020733481,"standard_error":117.40862819777277}}