{"Mean":{"confidence_interval":{"confidence_level":0.95,"lower_bound":5137.638935927158,"upper_bound":5335.940710446156},"point_estimate":5230.066848784418,"standard_error":50.70932223138313},"Median":{"confidence_interval":{"confidence_level":0.95,"lower_bound":5011.832624352073,"upper_bound":5157.058645683688},"point_estimate":5069.94923173948,"standard_error":39.9644076262156},"MedianAbsDev":{"confidence_interval":{"confidence_level":0.95,"lower_bound":219.71722873081816,"upper_bound":419.24777289228916},"point_estimate":299.4803332961045,"standard_error":51.24409748119673},"Slope":{"confidence_interval":{"confidence_level":0.95,"lower_bound":5160.995526479563,"upper_bound":5306.20430929372},"point_estimate":5230.4876154247,"standard_error":37.002140411314514},"StdDev":{"confidence_interval":{"confidence_level":0.95,"lower_bound":328.7054576821597,"upper_bound":673.7825136850907},"point_estimate":509.190486519133,"standard_error":88.78524849566887}}